LegID,LegType,LegRtType,LegSpeed,LegWidth,NumLanes,MergeLanes,PaveType,MedType,MedWidth,LegTCType,LTLanes,LTWidth,LTLnLength,LTOffset,RTLanes,RTWidth,RTLnLength,RTChannel,RTMoveCtrl,PedCross,Rumble,OneWay,TurnProhib,SightLt,SightRt,IntCat,AreaType,NumberLegs,IntTCType,Lighting,Terrain,Offset,OffsetDist,SkewAngle,NextPIDist,AADT,IntAADT,5YrCrashCount,1YrCrashCount
100791_1,1,1,55,27,2,0,1,1,0,1,0,0,0,0,0,0,0,1,1,1,2,2,1,2,2,2,1,4,2,2,2,2,0,2,325,7330,7330,2,0.4
100791_2,1,1,55,27,2,0,1,1,0,1,0,0,0,0,0,0,0,1,1,1,2,2,1,2,2,2,1,4,2,2,2,2,0,2,325,7330,7330,1,0.2
100791_3,2,5,25,22,2,0,1,1,0,2,0,0,0,0,0,0,0,1,1,1,2,2,1,2,2,2,1,4,2,2,2,2,0,2,325,<Null>,7330,0,0
100791_4,2,5,25,23,2,0,1,1,0,2,0,0,0,0,0,0,0,1,1,1,2,2,1,2,2,2,1,4,2,2,2,2,0,2,325,<Null>,7330,0,0
102300_1,1,1,55,25,2,0,1,1,0,1,0,0,0,0,0,0,0,1,1,1,2,2,1,2,3,1,1,3,1,2,2,2,0,2,325,7330,7330,0,0
102300_2,1,1,55,25,2,0,1,1,0,1,0,0,0,0,0,0,0,1,1,1,2,2,1,3,2,1,1,3,1,2,2,2,0,2,325,7330,7330,0,0
102300_3,2,5,25,22,2,0,1,1,0,2,0,0,0,0,0,0,0,1,1,1,2,2,1,2,2,1,1,3,1,2,2,2,0,2,325,<Null>,7330,0,0
110871_1,1,1,55,50,3,0,1,1,0,1,0,0,0,0,1,13,145,1,1,1,2,2,1,2,2,4,1,4,2,2,2,1,11,3,691,7920,7920,0,0
110871_2,1,1,55,38,3,0,1,1,0,1,0,0,0,0,0,0,0,1,1,1,2,2,1,2,2,4,1,4,2,2,2,1,11,3,691,7920,7920,5,1
110871_3,2,3,25,17,2,0,1,1,0,2,0,0,0,0,0,0,0,1,1,1,2,2,1,2,2,4,1,4,2,2,2,1,11,3,691,<Null>,7920,0,0
110871_4,2,4,25,17,2,0,1,1,0,2,0,0,0,0,0,0,0,1,1,1,2,2,1,2,2,4,1,4,2,2,2,1,11,3,691,<Null>,7920,0,0
111200_1,1,1,35,27,2,0,1,1,0,1,0,0,0,0,0,0,0,1,1,2,2,2,1,2,2,6,2,4,2,1,1,2,0,2,294,18130,18130,2,0.4
111200_2,1,1,35,27,2,0,1,1,0,1,0,0,0,0,0,0,0,1,1,2,2,2,1,2,2,6,2,4,2,1,1,2,0,2,294,18130,18130,0,0
111200_3,2,4,25,31,2,0,1,1,0,2,0,0,0,0,0,0,0,1,1,2,2,2,1,2,2,6,2,4,2,1,1,2,0,2,294,<Null>,18130,0,0
111200_4,2,4,25,31,2,0,1,1,0,2,0,0,0,0,0,0,0,1,1,2,2,2,1,2,2,6,2,4,2,1,1,2,0,2,294,<Null>,18130,0,0
111989_1,1,1,35,26,2,0,1,1,0,1,0,0,0,0,0,0,0,1,1,1,2,2,1,2,3,5,2,3,1,1,1,2,0,4,400,14110,14110,0,0
111989_2,1,1,35,26,2,0,1,1,0,1,0,0,0,0,0,0,0,1,1,1,2,2,1,3,2,5,2,3,1,1,1,2,0,4,400,14110,14110,1,0.2
111989_3,2,4,25,19,2,0,1,1,0,2,0,0,0,0,0,0,0,1,1,1,2,2,1,2,2,5,2,3,1,1,1,2,0,4,400,<Null>,14110,0,0
113829_1,1,1,55,55,2,0,1,3,12,1,0,0,0,0,1,20,394,3,3,1,2,2,1,3,2,3,1,3,1,2,2,2,0,3,820,7920,7920,4,0.8
113829_2,1,1,55,52,2,1,1,1,0,1,1,17,301,0,0,0,0,1,1,1,2,2,1,2,3,3,1,3,1,2,2,2,0,3,820,7920,7920,3,0.6
113829_3,2,3,25,36,1,0,1,1,0,2,1,12,339,0,1,20,339,2,2,1,2,2,1,2,2,3,1,3,1,2,2,2,0,3,820,1500,7920,3,0.6
115088_1,1,1,55,25,2,0,1,1,0,1,0,0,0,0,0,0,0,1,1,1,2,2,1,2,2,2,1,4,2,2,2,1,12,15,1326,4890,4890,0,0
115088_2,1,1,55,25,2,0,1,1,0,1,0,0,0,0,0,0,0,1,1,1,2,2,1,2,1,2,1,4,2,2,2,1,12,15,1326,4890,4890,0,0
115088_3,2,4,25,18,2,0,1,1,0,2,0,0,0,0,0,0,0,1,1,1,2,2,1,2,2,2,1,4,2,2,2,1,12,15,1326,<Null>,4890,0,0
115088_4,2,4,25,12,2,0,1,1,0,2,0,0,0,0,0,0,0,1,1,1,2,2,1,2,2,2,1,4,2,2,2,1,12,15,1326,<Null>,4890,0,0
116365_1,1,1,55,24,2,0,1,1,0,1,0,0,0,0,0,0,0,1,1,1,2,2,1,2,2,2,1,4,2,2,2,1,14,13,1588,1370,1370,0,0
116365_2,1,1,55,24,2,0,1,1,0,1,0,0,0,0,0,0,0,1,1,1,2,2,1,2,2,2,1,4,2,2,2,1,14,13,1588,1370,1370,0,0
116365_3,2,3,25,22,2,0,1,1,0,2,0,0,0,0,0,0,0,1,1,1,2,2,1,2,2,2,1,4,2,2,2,1,14,13,1588,308,1370,0,0
116365_4,2,3,25,22,2,0,1,1,0,2,0,0,0,0,0,0,0,1,1,1,2,2,1,2,2,2,1,4,2,2,2,1,14,13,1588,308,1370,0,0
119402_1,1,1,45,40,2,0,1,1,0,1,1,12,108,0,0,0,0,1,1,1,2,2,1,2,2,6,2,4,2,1,2,1,11,37,365,11570,11570,4,0.8
119402_2,1,1,45,36,2,0,1,3,11,1,0,0,0,0,0,0,0,1,1,1,2,2,1,2,2,6,2,4,2,1,2,1,11,37,365,11570,11570,1,0.2
119402_3,2,5,35,22,2,0,1,1,0,2,0,0,0,0,0,0,0,1,1,1,2,2,1,2,2,6,2,4,2,1,2,1,11,37,365,2560,11570,1,0.2
119402_4,2,5,35,22,2,0,1,1,0,2,0,0,0,0,0,0,0,1,1,2,2,2,1,2,2,6,2,4,2,1,2,1,11,37,365,2560,11570,4,0.8
120600_1,1,1,45,37,2,0,1,1,0,1,1,13,112,0,0,0,0,1,1,1,2,2,1,2,3,5,2,3,1,1,2,2,0,5,408,13780,13780,2,0.4
120600_2,1,1,45,39,2,0,1,4,17,1,0,0,0,0,0,0,0,1,1,1,2,2,1,3,2,5,2,3,1,1,2,2,0,5,408,13780,13780,2,0.4
120600_3,2,5,15,28,2,0,1,1,0,2,0,0,0,0,0,0,0,1,1,1,2,2,1,2,2,5,2,3,1,1,2,2,0,5,408,<Null>,13780,0,0
120958_1,1,1,45,40,2,0,1,4,13,1,0,0,0,0,0,0,0,1,1,1,2,2,1,3,2,5,2,3,1,1,2,2,0,5,52,12790,12790,0,0
120958_2,1,1,45,40,2,0,1,1,0,1,1,14,124,0,0,0,0,1,1,1,2,2,1,2,3,5,2,3,1,1,2,2,0,5,52,12790,12790,0,0
120958_3,2,5,15,30,2,0,1,1,0,2,0,0,0,0,0,0,0,1,1,1,2,2,1,2,2,5,2,3,1,1,2,2,0,5,52,<Null>,12790,0,0
123176_1,1,1,55,25,2,0,1,1,0,1,0,0,0,0,0,0,0,1,1,1,2,2,1,3,2,1,1,3,1,1,2,2,0,18,887,1560,1560,0,0
123176_2,1,1,55,25,2,0,1,1,0,1,0,0,0,0,0,0,0,1,1,1,2,2,1,2,3,1,1,3,1,1,2,2,0,18,887,1560,1560,0,0
123176_3,2,4,20,18,2,0,1,1,0,2,0,0,0,0,0,0,0,1,1,1,2,2,1,2,2,1,1,3,1,1,2,2,0,18,887,<Null>,1560,0,0
123464_1,1,1,55,24,2,0,1,1,0,1,0,0,0,0,0,0,0,1,1,1,2,2,1,3,2,1,1,3,1,2,2,2,0,5,958,1560,1560,0,0
123464_2,1,1,55,24,2,0,1,1,0,1,0,0,0,0,0,0,0,1,1,1,2,2,1,2,3,1,1,3,1,2,2,2,0,5,958,1560,1560,0,0
123464_3,2,4,25,22,2,0,1,1,0,2,0,0,0,0,0,0,0,1,1,1,2,2,1,2,2,1,1,3,1,2,2,2,0,5,958,<Null>,1560,0,0
124164_1,1,1,50,55,4,0,1,1,0,1,0,0,0,0,0,0,0,1,1,1,2,2,1,2,3,3,1,3,1,2,2,2,0,1,315,5040,5040,0,0
124164_2,1,1,50,57,4,0,1,1,0,1,0,0,0,0,0,0,0,1,1,1,2,2,1,3,2,3,1,3,1,2,2,2,0,1,315,5040,5040,0,0
124164_3,2,4,30,24,2,0,1,1,0,2,0,0,0,0,0,0,0,1,1,1,2,2,1,2,2,3,1,3,1,2,2,2,0,1,315,<Null>,5040,0,0
124203_1,1,1,45,108,5,1,1,1,0,1,2,26,0,0,0,0,0,1,1,1,2,2,1,3,2,7,2,3,1,1,2,2,0,2,207,37000,37000,12,2.4
124203_2,1,1,45,105,5,1,1,1,0,1,2,26,0,0,0,0,0,1,1,1,2,2,3,2,3,7,2,3,1,1,2,2,0,2,207,37000,37000,8,1.6
124203_3,2,5,25,33,2,0,1,1,0,2,0,0,0,0,0,0,0,3,1,1,2,2,3,2,2,7,2,3,1,1,2,2,0,2,207,<Null>,37000,4,0.8
124220_1,1,1,45,72,4,0,1,1,0,1,1,15,97,0,0,0,0,1,1,1,2,2,1,2,2,8,2,4,2,1,2,2,0,5,550,42480,42480,7,1.4
124220_2,1,1,45,72,4,0,1,1,0,1,1,15,139,0,0,0,0,1,1,1,2,2,1,2,2,8,2,4,2,1,2,2,0,5,550,42480,42480,6,1.2
124220_3,2,5,25,32,2,0,1,1,0,2,0,0,0,0,0,0,0,1,1,1,2,2,1,2,1,8,2,4,2,1,2,2,0,5,550,<Null>,42480,1,0.2
124220_4,2,5,25,32,2,0,1,1,0,2,0,0,0,0,0,0,0,1,1,1,2,2,1,2,2,8,2,4,2,1,2,2,0,5,550,<Null>,42480,2,0.4
124458_1,1,1,45,42,2,0,1,4,15,1,0,0,0,0,0,0,0,1,1,1,2,2,1,2,3,5,2,3,1,2,2,2,0,5,1329,17190,17190,4,0.8
124458_2,1,1,45,57,2,0,1,4,15,1,0,0,0,0,1,15,56,1,1,1,2,2,1,3,2,5,2,3,1,2,2,2,0,5,1329,17190,17190,1,0.2
124458_3,2,5,25,34,2,0,1,1,0,2,0,0,0,0,0,0,0,1,1,1,2,2,1,2,2,5,2,3,1,2,2,2,0,5,1329,<Null>,17190,2,0.4
124653_1,1,1,50,25,2,0,1,1,0,1,0,0,0,0,0,0,0,1,1,1,2,2,1,2,2,2,1,4,1,1,2,2,0,12,1804,2760,2760,2,0.4
124653_2,1,1,50,25,2,0,1,1,0,1,0,0,0,0,0,0,0,1,1,1,2,2,1,2,2,2,1,4,1,1,2,2,0,12,1804,2760,2760,0,0
124653_3,2,4,25,17,2,0,3,1,0,4,0,0,0,0,0,0,0,1,1,1,2,2,1,2,2,2,1,4,1,1,2,2,0,12,1804,<Null>,2760,0,0
124653_4,2,4,25,20,2,0,1,1,0,2,0,0,0,0,0,0,0,1,1,1,2,2,1,2,2,2,1,4,1,1,2,2,0,12,1804,<Null>,2760,0,0
125862_1,1,1,45,58,4,0,1,1,0,1,0,0,0,0,0,0,0,1,1,2,2,1,1,2,2,8,2,4,2,1,2,2,0,2,424,32110,32110,49,9.8
125862_2,1,1,45,58,4,0,1,1,0,1,0,0,0,0,0,0,0,1,1,1,2,1,1,2,2,8,2,4,2,1,2,2,0,2,424,32110,32110,3,0.6
125862_3,2,5,25,62,2,0,1,3,10,2,0,0,0,0,0,0,0,1,1,3,2,2,3,2,2,8,2,4,2,1,2,2,0,2,424,<Null>,32110,6,1.2
125862_4,2,5,25,62,2,0,1,1,0,2,1,13,83,0,0,0,0,1,1,1,2,2,2,2,2,8,2,4,2,1,2,2,0,2,424,<Null>,32110,10,2
126754_1,1,1,35,57,4,0,1,1,0,1,1,13,100,0,0,0,0,1,1,1,2,2,1,2,2,8,2,4,2,1,2,1,8,28,478,7840,7840,1,0.2
126754_2,1,1,35,55,4,0,1,1,0,1,1,13,100,0,0,0,0,1,1,1,2,2,1,1,2,8,2,4,2,1,2,1,8,28,478,7840,7840,1,0.2
126754_3,2,5,25,28,2,0,1,1,0,2,0,0,0,0,0,0,0,1,1,2,2,2,1,2,1,8,2,4,2,1,2,1,8,28,478,<Null>,7840,1,0.2
126754_4,2,1,25,28,2,0,1,1,0,2,0,0,0,0,0,0,0,1,1,2,2,2,1,2,2,8,2,4,2,1,2,1,8,28,478,<Null>,7840,4,0.8
126794_1,1,1,35,62,4,0,1,4,14,1,0,0,0,0,0,0,0,1,1,1,2,2,1,3,2,7,2,3,1,1,2,2,0,1,489,7840,7840,1,0.2
126794_2,1,1,35,62,4,0,1,1,0,1,1,13,87,0,0,0,0,1,1,1,2,2,1,2,3,7,2,3,1,1,2,2,0,1,489,7840,7840,1,0.2
126794_3,2,5,25,30,2,0,1,1,0,2,0,0,0,0,0,0,0,1,1,2,2,2,1,2,2,7,2,3,1,1,2,2,0,1,489,<Null>,7840,1,0.2
128229_1,1,1,40,40,4,0,1,1,0,1,0,0,0,0,0,0,0,1,1,1,2,2,1,3,2,7,2,3,1,1,2,2,0,25,138,7850,7850,0,0
128229_2,1,1,40,40,4,0,1,1,0,1,0,0,0,0,0,0,0,1,1,1,2,2,1,2,3,7,2,3,1,1,2,2,0,25,138,7850,7850,0,0
128229_3,2,5,25,24,2,0,1,1,0,2,0,0,0,0,0,0,0,1,1,1,2,2,1,2,2,7,2,3,1,1,2,2,0,25,138,<Null>,7850,1,0.2
128383_1,1,1,35,43,4,0,1,1,0,1,0,0,0,0,0,0,0,1,1,1,2,2,1,2,2,8,2,4,2,2,2,1,15,33,170,7850,7850,0,0
128383_2,1,1,35,46,4,0,1,1,0,1,0,0,0,0,0,0,0,1,1,1,2,2,1,2,2,8,2,4,2,2,2,1,15,33,170,7850,7850,0,0
128383_3,2,5,25,26,2,0,1,1,0,2,0,0,0,0,0,0,0,1,1,1,2,2,1,2,2,8,2,4,2,2,2,1,15,33,170,<Null>,7850,0,0
128383_4,2,5,25,28,2,0,1,1,0,2,0,0,0,0,0,0,0,1,1,1,2,2,1,2,2,8,2,4,2,2,2,1,15,33,170,<Null>,7850,2,0.4
130489_1,1,1,45,73,4,0,1,3,26,1,1,12,112,0,0,0,0,1,1,1,2,2,1,2,3,7,2,3,1,2,2,2,0,13,1275,11020,11020,4,0.8
130489_2,1,1,45,73,4,0,1,3,26,1,0,0,0,0,0,0,0,1,1,1,2,2,1,3,2,7,2,3,1,2,2,2,0,13,1275,11020,11020,3,0.6
130489_3,2,5,25,28,2,0,1,1,0,2,0,0,0,0,0,0,0,1,1,1,2,2,1,2,2,7,2,3,1,2,2,2,0,13,1275,<Null>,11020,2,0.4
133031_1,1,1,50,88,4,0,1,2,26,1,1,12,162,-28,1,12,175,1,1,1,2,2,1,2,2,8,2,4,2,1,2,2,0,12,780,17340,17340,5,1
133031_2,1,1,50,88,4,0,1,2,26,1,1,12,109,-28,0,0,0,1,1,1,2,2,1,2,2,8,2,4,2,1,2,2,0,12,780,17340,17340,3,0.6
133031_3,2,5,25,23,2,0,1,1,0,2,0,0,0,0,0,0,0,1,1,1,2,2,1,2,2,8,2,4,2,1,2,2,0,12,780,<Null>,17340,9,1.8
133031_4,2,5,25,22,2,0,1,1,0,2,0,0,0,0,0,0,0,1,1,1,2,2,1,2,2,8,2,4,2,1,2,2,0,12,780,<Null>,17340,10,2
134193_1,1,1,55,106,5,0,1,2,40,1,1,15,138,0,0,0,0,1,1,1,2,2,1,1,3,7,2,3,1,2,2,2,0,9,386,16050,16050,3,0.6
134193_2,1,1,55,124,5,0,1,2,70,1,0,0,0,0,0,0,0,1,1,1,2,2,1,3,2,7,2,3,1,2,2,2,0,9,386,16050,16050,2,0.4
134193_3,2,5,25,24,2,0,1,1,0,2,0,0,0,0,0,0,0,1,1,1,2,2,1,2,2,7,2,3,1,2,2,2,0,9,386,<Null>,16050,3,0.6
140617_1,1,1,50,35,2,0,1,3,9,1,0,0,0,0,0,0,0,1,1,1,2,2,1,3,2,5,2,3,1,1,2,2,0,4,246,14830,14830,2,0.4
140617_2,1,1,50,30,2,0,1,3,6,1,0,0,0,0,0,0,0,1,1,1,2,2,1,1,3,5,2,3,1,1,2,2,0,4,246,14830,14830,2,0.4
140617_3,2,5,25,26,2,0,1,1,0,2,0,0,0,0,0,0,0,1,1,1,2,2,1,2,2,5,2,3,1,1,2,2,0,4,246,<Null>,14830,0,0
140904_1,1,1,50,37,2,0,1,1,1,1,1,14,191,0,0,0,0,1,1,1,2,2,1,2,2,6,2,4,2,1,2,1,12,18,399,9250,9250,0,0
140904_2,1,1,50,37,2,0,1,4,15,1,0,0,0,0,0,0,0,1,1,1,2,2,1,2,2,6,2,4,2,1,2,1,12,18,399,9250,9250,0,0
140904_3,2,5,25,62,2,0,1,5,10,2,0,0,0,0,0,0,0,1,1,1,2,2,1,2,2,6,2,4,2,1,2,1,12,18,399,<Null>,9250,0,0
140904_4,2,5,25,28,2,0,1,1,0,2,0,0,0,0,0,0,0,1,1,1,2,2,1,2,2,6,2,4,2,1,2,1,12,18,399,<Null>,9250,0,0
141058_1,1,1,45,28,2,0,1,1,0,1,0,0,0,0,0,0,0,1,1,1,2,2,1,2,2,6,2,4,1,1,2,1,80,40,524,6430,6430,1,0.2
141058_2,1,1,50,25,2,0,1,1,0,1,0,0,0,0,0,0,0,1,1,1,2,2,1,1,2,6,2,4,1,1,2,1,80,40,524,6430,6430,0,0
141058_3,2,5,25,52,2,0,1,5,8,2,0,0,0,0,0,0,0,1,1,1,2,2,1,2,2,6,2,4,1,1,2,1,80,40,524,<Null>,6430,0,0
141058_4,2,5,25,18,2,0,1,1,0,4,0,0,0,0,0,0,0,1,1,1,2,2,1,2,1,6,2,4,1,1,2,1,80,40,524,<Null>,6430,0,0
142353_1,1,1,45,30,2,0,1,1,0,1,0,0,0,0,0,0,0,1,1,1,2,2,1,2,3,5,2,3,1,2,2,2,0,4,336,9230,9230,1,0.2
142353_2,1,1,45,27,2,0,1,1,0,1,0,0,0,0,0,0,0,1,1,1,2,2,1,3,2,5,2,3,1,2,2,2,0,4,336,9230,9230,0,0
142353_3,2,5,25,22,2,0,1,1,0,2,0,0,0,0,0,0,0,1,1,1,2,2,1,2,2,5,2,3,1,2,2,2,0,4,336,<Null>,9230,3,0.6
143050_1,1,1,55,50,2,0,1,4,14,1,0,0,0,0,1,14,60,1,1,1,2,2,1,2,2,6,2,4,2,2,2,1,15,36,28,9440,9440,2,0.4
143050_2,1,1,55,35,2,0,1,4,14,1,0,0,0,0,0,0,0,1,1,1,2,2,1,2,2,6,2,4,2,2,2,1,15,36,28,9440,9440,9,1.8
143050_3,2,5,25,27,2,0,1,1,0,2,0,0,0,0,0,0,0,1,1,1,2,2,1,2,2,6,2,4,2,2,2,1,15,36,28,<Null>,9440,2,0.4
143050_4,2,5,25,35,2,0,1,1,0,2,0,0,0,0,0,0,0,1,1,1,2,2,1,2,2,6,2,4,2,2,2,1,15,36,28,<Null>,9440,1,0.2
143134_1,1,1,55,26,2,0,1,1,0,1,0,0,0,0,0,0,0,1,1,1,2,2,1,2,2,6,2,4,2,2,2,2,0,3,410,9440,9440,4,0.8
143134_2,1,1,55,25,2,0,1,1,0,1,0,0,0,0,0,0,0,1,1,1,2,2,1,2,1,6,2,4,2,2,2,2,0,3,410,9440,9440,1,0.2
143134_3,2,5,25,20,2,0,1,1,0,2,0,0,0,0,0,0,0,1,1,1,2,2,1,2,2,6,2,4,2,2,2,2,0,3,410,<Null>,9440,3,0.6
143134_4,2,5,25,20,2,0,1,1,0,2,0,0,0,0,0,0,0,1,1,1,2,2,1,2,2,6,2,4,2,2,2,2,0,3,410,<Null>,9440,4,0.8
145182_1,1,1,55,25,2,0,1,1,0,1,0,0,0,0,0,0,0,1,1,1,2,2,1,1,2,2,1,4,2,2,1,1,25,33,228,2140,2140,1,0.2
145182_2,1,1,55,25,2,0,1,1,0,1,0,0,0,0,0,0,0,1,1,1,2,2,1,2,2,2,1,4,2,2,1,1,25,33,228,2140,2140,0,0
145182_3,2,3,25,21,2,0,1,1,0,2,0,0,0,0,0,0,0,1,1,1,2,2,1,2,2,2,1,4,2,2,1,1,25,33,228,<Null>,2140,2,0.4
145182_4,2,3,25,23,2,0,1,1,0,2,0,0,0,0,0,0,0,1,1,1,2,2,1,2,1,2,1,4,2,2,1,1,25,33,228,<Null>,2140,0,0
146630_1,1,1,45,50,4,0,1,1,0,1,0,0,0,0,0,0,0,1,1,1,2,2,1,2,3,3,1,3,1,1,1,2,0,5,269,8510,8510,0,0
146630_2,1,1,45,50,4,0,1,1,0,1,0,0,0,0,0,0,0,1,1,1,2,2,1,3,2,3,1,3,1,1,1,2,0,5,269,8510,8510,1,0.2
146630_3,2,4,25,25,2,0,1,1,0,2,0,0,0,0,0,0,0,1,1,1,2,2,1,2,2,3,1,3,1,1,1,2,0,5,269,<Null>,8510,0,0
147232_1,1,5,70,20,1,0,1,1,0,2,0,0,0,0,0,0,0,1,3,1,2,1,1,2,2,9,2,3,1,2,3,2,0,49,1199,2440,9030,0,0
147232_2,2,1,55,42,2,0,1,2,15,1,0,0,0,0,0,0,0,1,1,1,2,2,3,3,3,9,2,3,1,2,3,2,0,49,1199,9030,9030,0,0
147232_3,2,1,55,43,2,0,1,3,18,1,0,0,0,0,0,0,0,1,1,1,2,2,2,3,3,9,2,3,1,2,3,2,0,49,1199,9030,9030,0,0
147415_1,1,5,70,23,1,0,1,1,0,2,0,0,0,0,0,0,0,1,1,1,2,1,1,2,2,9,2,3,1,2,2,2,0,1,2520,2360,10090,0,0
147415_2,2,1,55,43,3,0,1,3,6,1,0,0,0,0,0,0,0,1,1,1,2,2,3,3,3,9,2,3,1,2,2,2,0,1,2520,10090,10090,0,0
147415_3,2,1,55,43,3,0,1,3,6,1,0,0,0,0,0,0,0,1,1,1,2,2,2,3,3,9,2,3,1,2,2,2,0,1,2520,10090,10090,0,0
147429_1,1,1,45,28,2,0,1,1,0,1,0,0,0,0,0,0,0,1,1,1,2,2,1,2,3,1,1,3,1,1,1,2,0,0,755,2250,2250,0,0
147429_2,1,1,45,28,2,0,1,1,0,1,0,0,0,0,0,0,0,1,1,1,2,2,1,3,2,1,1,3,1,1,1,2,0,0,755,2250,2250,1,0.2
147429_3,2,4,25,22,2,0,1,1,0,2,0,0,0,0,0,0,0,1,1,1,2,2,1,2,2,1,1,3,1,1,1,2,0,0,755,<Null>,2250,0,0
149655_1,1,1,55,24,2,0,1,1,0,1,0,0,0,0,0,0,0,1,1,1,2,2,1,2,2,2,1,4,2,2,1,2,0,4,3899,1100,1100,0,0
149655_2,1,1,55,25,2,0,1,1,0,1,0,0,0,0,0,0,0,1,1,1,2,2,1,2,2,2,1,4,2,2,1,2,0,4,3899,1100,1100,0,0
149655_3,2,4,25,28,2,0,3,1,0,2,0,0,0,0,0,0,0,1,1,1,2,2,1,2,2,2,1,4,2,2,1,2,0,4,3899,<Null>,1100,0,0
149655_4,2,4,25,25,2,0,3,1,0,2,0,0,0,0,0,0,0,1,1,1,2,2,1,2,2,2,1,4,2,2,1,2,0,4,3899,<Null>,1100,0,0
151204_1,1,1,55,25,2,0,1,1,0,1,0,0,0,0,0,0,0,1,1,1,2,2,1,2,3,1,1,3,1,2,1,2,0,2,370,1070,1070,0,0
151204_2,1,1,55,24,2,0,1,1,0,1,0,0,0,0,0,0,0,1,1,1,2,2,1,3,2,1,1,3,1,2,1,2,0,2,370,1070,1070,0,0
151204_3,2,4,25,25,2,0,1,1,0,2,0,0,0,0,0,0,0,1,1,1,2,2,1,2,2,1,1,3,1,2,1,2,0,2,370,<Null>,1070,0,0
157908_1,1,1,65,121,4,0,1,2,38,1,1,15,192,-43,0,0,0,1,1,1,2,2,1,2,2,4,1,4,2,2,1,2,0,20,684,12320,12320,2,0.4
157908_2,1,1,65,121,4,0,1,2,38,1,1,15,186,-43,0,0,0,1,1,1,2,2,1,2,2,4,1,4,2,2,1,2,0,20,684,12320,12320,1,0.2
157908_3,2,3,45,22,2,0,1,1,0,2,0,0,0,0,0,0,0,1,1,1,2,2,1,2,2,4,1,4,2,2,1,2,0,20,684,350,12320,0,0
157908_4,2,3,45,22,2,0,1,1,0,2,0,0,0,0,0,0,0,1,1,1,2,2,1,2,2,4,1,4,2,2,1,2,0,20,684,810,12320,2,0.4
163919_1,1,1,55,116,4,0,1,2,67,1,0,0,0,0,0,0,0,1,1,1,2,2,1,2,2,4,1,4,2,2,1,2,0,46,2900,3980,3980,0,0
163919_2,1,1,55,112,4,0,1,2,65,1,0,0,0,0,0,0,0,1,1,1,2,2,1,2,2,4,1,4,2,2,1,2,0,46,2900,3980,3980,0,0
163919_3,2,5,25,22,2,0,1,1,0,2,0,0,0,0,0,0,0,1,1,1,2,2,1,2,2,4,1,4,2,2,1,2,0,46,2900,<Null>,3980,1,0.2
163919_4,2,5,25,23,2,0,1,1,0,2,0,0,0,0,0,0,0,1,1,1,2,2,1,2,2,4,1,4,2,2,1,2,0,46,2900,<Null>,3980,1,0.2
166100_1,1,1,55,116,4,0,1,2,66,1,1,15,0,0,0,0,0,1,1,1,2,2,1,3,2,3,1,3,1,2,1,2,0,1,538,5000,5000,0,0
166100_2,1,1,55,113,4,0,1,2,50,1,0,0,194,0,0,0,0,1,1,1,2,2,1,2,3,3,1,3,1,2,1,2,0,1,538,5000,5000,0,0
166100_3,2,5,25,20,2,0,1,1,0,2,0,0,0,0,0,0,0,1,1,1,2,2,1,2,2,3,1,3,1,2,1,2,0,1,538,<Null>,5000,0,0
176481_1,1,5,70,15,1,0,1,1,0,2,0,0,0,0,0,0,0,3,3,1,2,1,1,2,2,9,1,4,1,2,2,2,0,45,1378,1090,11140,0,0
176481_2,1,5,70,15,1,0,1,1,0,5,0,0,0,0,0,0,0,1,1,1,2,1,1,3,3,9,1,4,1,2,2,2,0,45,1378,5370,11140,0,0
176481_3,2,1,45,26,2,0,1,1,0,1,0,0,0,0,0,0,0,1,1,1,2,2,2,2,3,9,1,4,1,2,2,2,0,45,1378,11140,11140,0,0
176481_4,2,1,45,43,3,0,1,1,0,1,0,0,0,0,0,0,0,1,3,1,2,2,3,3,2,9,1,4,1,2,2,2,0,45,1378,11140,11140,0,0
176610_1,1,5,70,18,1,0,1,1,0,5,0,0,0,0,0,0,0,1,1,1,2,1,1,3,3,9,1,4,2,2,2,2,0,46,1060,1010,11140,0,0
176610_2,1,5,70,18,1,0,1,1,0,1,0,0,0,0,0,0,0,1,3,1,2,1,1,2,2,9,1,4,2,2,2,2,0,46,1060,5010,11140,0,0
176610_3,2,5,55,26,2,0,1,1,0,2,0,0,0,0,0,0,0,2,1,1,2,2,3,3,2,9,1,4,2,2,2,2,0,46,1060,11140,11140,0,0
176610_4,2,1,55,26,2,0,1,1,0,2,0,0,0,0,0,0,0,3,1,1,2,2,2,2,3,9,1,4,2,2,2,2,0,46,1060,11140,11140,0,0
196371_1,1,5,70,16,1,0,1,1,0,5,0,0,0,0,0,0,0,1,1,1,2,1,1,3,3,9,1,4,1,2,1,2,0,45,301,1560,5290,0,0
196371_2,1,5,70,16,1,0,1,1,0,2,0,0,0,0,0,0,0,3,2,1,2,1,1,2,2,9,1,4,1,2,1,2,0,45,301,770,5290,0,0
196371_3,2,1,55,24,2,0,1,1,0,1,0,0,0,0,0,0,0,1,1,1,2,2,2,2,3,9,1,4,1,2,1,2,0,45,301,5290,5290,0,0
196371_4,2,1,55,24,2,0,1,1,0,1,0,0,0,0,0,0,0,3,3,1,2,2,3,3,2,9,1,4,1,2,1,2,0,45,301,5290,5290,0,0
206093_1,1,5,70,20,1,0,1,1,0,2,0,0,0,0,0,0,0,1,1,1,2,1,1,2,2,9,1,4,1,1,1,2,0,32,145,1220,1810,0,0
206093_2,1,5,70,20,1,0,1,1,0,5,0,0,0,0,0,0,0,1,1,1,2,1,1,3,3,9,1,4,1,1,1,2,0,32,145,1190,1810,0,0
206093_3,2,1,50,35,2,0,1,1,0,1,0,0,0,0,0,0,0,1,1,1,2,2,3,3,2,9,1,4,1,1,1,2,0,32,145,1810,1810,0,0
206093_4,2,1,50,24,2,0,1,1,0,1,0,0,0,0,0,0,0,1,1,1,2,2,2,2,3,9,1,4,1,1,1,2,0,32,145,1810,1810,0,0
227150_1,1,2,70,18,1,0,1,1,0,2,0,0,0,0,0,0,0,1,1,1,2,1,1,2,2,9,2,4,1,1,1,2,0,14,574,2810,9090,0,0
227150_2,1,5,70,19,1,0,1,1,0,5,0,0,0,0,0,0,0,1,1,1,2,1,1,3,3,9,2,4,1,1,1,2,0,14,574,1580,9090,0,0
227150_3,2,1,45,26,2,0,1,1,0,1,0,0,0,0,0,0,0,1,1,1,2,2,3,3,2,9,2,4,1,1,1,2,0,14,574,9090,9090,0,0
227150_4,2,1,45,26,2,0,1,1,0,1,0,0,0,0,0,0,0,1,1,1,2,2,2,2,3,9,2,4,1,1,1,2,0,14,574,9090,9090,0,0
232399_1,1,1,40,27,2,0,1,1,0,1,0,0,0,0,0,0,0,1,1,1,2,2,1,2,2,6,2,4,2,1,3,2,0,36,574,8750,8750,0,0
232399_2,1,1,40,27,2,0,1,1,0,1,0,0,0,0,0,0,0,1,1,1,2,2,1,2,2,6,2,4,2,1,3,2,0,36,574,8750,8750,2,0.4
232399_3,2,3,30,22,2,0,1,1,0,2,0,0,0,0,0,0,0,1,1,1,2,2,1,2,1,6,2,4,2,1,3,2,0,36,574,2060,8750,3,0.6
232399_4,2,5,30,19,2,0,1,1,0,2,0,0,0,0,0,0,0,1,1,1,2,2,1,2,2,6,2,4,2,1,3,2,0,36,574,<Null>,8750,13,2.6
233617_1,1,5,70,15,1,0,1,1,0,5,0,0,0,0,0,0,0,1,1,1,2,1,1,3,3,9,1,4,1,2,3,2,0,3,127,730,1900,0,0
233617_2,1,5,70,16,1,0,1,1,0,2,0,0,0,0,0,0,0,1,1,1,2,1,1,2,2,9,1,4,1,2,3,2,0,3,127,1430,1900,0,0
233617_3,2,1,55,43,2,0,1,1,0,1,1,14,0,0,0,0,0,1,1,1,2,2,2,2,3,9,1,4,1,2,3,2,0,3,127,1900,1900,0,0
233617_4,2,1,55,43,2,0,1,4,14,1,0,0,0,0,0,0,0,1,1,1,2,2,3,3,2,9,1,4,1,2,3,2,0,3,127,1900,1900,0,0
235322_1,1,5,70,18,1,0,1,1,0,5,0,0,0,0,0,0,0,1,1,1,2,1,1,3,3,9,2,4,1,1,1,1,6,26,103,2800,12020,0,0
235322_2,1,5,70,18,1,0,1,1,0,2,0,0,0,0,0,0,0,1,1,1,2,1,1,2,2,9,2,4,1,1,1,1,6,26,103,2350,12020,0,0
235322_3,2,1,45,78,4,0,1,3,16,1,1,16,202,0,0,0,0,1,1,1,2,2,2,2,3,9,2,4,1,1,1,1,6,26,103,12020,12020,0,0
235322_4,2,1,45,80,4,0,1,3,26,1,0,0,0,0,0,0,0,1,1,1,2,2,3,3,2,9,2,4,1,1,1,1,6,26,103,12020,12020,0,0
235704_1,1,5,70,24,1,0,1,1,0,2,0,0,0,0,0,0,0,1,1,1,2,1,1,2,2,9,1,4,1,2,3,2,0,3,146,820,2820,0,0
235704_2,1,5,70,25,1,0,1,1,0,5,0,0,0,0,0,0,0,1,1,1,2,1,1,3,3,9,1,4,1,2,3,2,0,3,146,1660,2820,0,0
235704_3,2,1,55,35,2,0,1,1,0,1,0,0,0,0,0,0,0,1,1,1,2,2,3,3,2,9,1,4,1,2,3,2,0,3,146,2820,2820,0,0
235704_4,2,1,55,41,2,0,1,1,0,1,1,15,123,0,0,0,0,1,1,1,2,2,2,2,3,9,1,4,1,2,3,2,0,3,146,2820,2820,0,0
241464_1,1,1,40,64,4,0,1,1,0,1,1,14,98,0,0,0,0,1,1,1,2,2,1,3,2,7,2,3,1,1,1,2,0,0,0,15800,15800,2,0.4
241464_2,1,1,40,64,4,0,1,1,0,1,1,14,109,0,0,0,0,1,1,1,2,2,1,1,3,7,2,3,1,1,1,2,0,0,0,15800,15800,2,0.4
241464_3,2,5,25,46,2,0,1,1,0,2,0,0,0,0,0,0,0,1,1,1,2,2,1,2,1,7,2,3,1,1,1,2,0,0,0,<Null>,15800,5,1
241655_1,1,1,30,50,4,0,1,4,12,1,0,0,0,0,0,0,0,1,1,1,2,2,1,2,2,8,2,4,2,1,1,1,12,1,415,19320,19320,2,0.4
241655_2,1,1,30,76,6,0,1,4,14,1,0,0,0,0,0,0,0,1,1,1,2,2,1,2,2,8,2,4,2,1,1,1,12,1,415,19320,19320,1,0.2
241655_3,2,5,25,36,2,0,1,1,0,2,0,0,0,0,0,0,0,1,1,3,2,2,1,2,2,8,2,4,2,1,1,1,12,1,415,<Null>,19320,1,0.2
241655_4,2,5,25,42,2,0,1,1,0,2,0,0,33,0,1,16,33,1,2,3,2,2,1,2,2,8,2,4,2,1,1,1,12,1,415,<Null>,19320,4,0.8
241768_1,1,1,35,24,2,0,1,1,0,1,0,0,0,0,0,0,0,1,1,1,2,2,1,2,3,5,2,3,1,1,2,2,0,0,80,12170,12170,2,0.4
241768_2,1,1,35,26,2,0,1,1,0,1,0,0,0,0,0,0,0,1,1,3,2,2,1,3,2,5,2,3,1,1,2,2,0,0,80,12170,12170,1,0.2
241768_3,2,5,15,28,2,0,1,1,0,2,0,0,0,0,0,0,0,1,1,1,2,2,1,1,2,5,2,3,1,1,2,2,0,0,80,<Null>,12170,0,0
243133_1,1,1,40,30,2,0,1,1,0,1,0,0,0,0,0,0,0,1,1,1,2,2,1,2,2,6,2,4,2,1,1,1,9,13,346,15800,15800,1,0.2
243133_2,1,1,40,30,2,0,1,1,0,1,0,0,0,0,0,0,0,1,1,1,2,2,1,2,2,6,2,4,2,1,1,1,9,13,346,15800,15800,0,0
243133_3,2,5,25,18,2,0,1,1,0,2,0,0,0,0,0,0,0,1,1,1,2,2,1,2,2,6,2,4,2,1,1,1,9,13,346,270,15800,0,0
243133_4,2,5,25,28,2,0,1,1,0,2,0,0,0,0,0,0,0,1,1,1,2,2,1,2,2,6,2,4,2,1,1,1,9,13,346,270,15800,0,0
245800_1,1,1,40,28,2,0,1,1,0,1,0,0,0,0,0,0,0,1,1,1,2,2,1,3,2,5,2,3,1,1,1,2,0,2,0,15800,15800,2,0.4
245800_2,1,1,40,28,2,0,1,1,0,1,0,0,0,0,0,0,0,1,1,1,2,2,1,2,3,5,2,3,1,1,1,2,0,2,0,15800,15800,4,0.8
245800_3,2,5,25,28,2,0,1,1,0,2,0,0,0,0,0,0,0,1,1,1,2,2,1,2,2,5,2,3,1,1,1,2,0,2,0,<Null>,15800,1,0.2
251174_1,1,1,45,46,2,0,1,1,0,1,0,0,0,0,1,15,115,1,1,1,2,2,1,2,2,6,2,4,2,1,2,1,23,1,289,14710,14710,0,0
251174_2,1,1,45,45,2,0,1,1,0,1,0,0,0,0,1,13,118,1,1,1,2,2,1,2,2,6,2,4,2,1,2,1,23,1,289,14710,14710,0,0
251174_3,2,5,20,42,2,0,1,5,7,2,0,0,0,0,0,0,0,1,1,1,2,2,1,2,2,6,2,4,2,1,2,1,23,1,289,<Null>,14710,0,0
251174_4,2,5,20,31,2,0,1,1,0,2,0,0,0,0,0,0,0,1,1,1,2,2,1,2,2,6,2,4,2,1,2,1,23,1,289,<Null>,14710,0,0
252495_1,1,1,45,90,4,0,1,2,23,1,1,11,156,-21,1,13,294,1,1,1,2,2,1,2,3,7,2,3,1,1,2,2,0,1,689,35100,35100,7,1.4
252495_2,1,1,45,104,4,0,1,2,37,1,0,0,162,-21,0,0,255,1,1,1,2,2,1,3,2,7,2,3,1,1,2,2,0,1,689,35100,35100,3,0.6
252495_3,2,5,30,42,2,0,1,1,0,2,0,0,0,0,0,0,0,1,1,1,2,2,1,2,2,7,2,3,1,1,2,2,0,1,689,<Null>,35100,9,1.8
261978_1,1,1,40,91,4,0,1,2,35,1,0,0,0,0,0,0,0,1,1,1,2,2,1,2,2,8,2,4,2,1,3,1,18,10,533,32310,32310,4,0.8
261978_2,1,1,40,116,4,0,1,2,35,1,0,0,0,0,2,23,78,1,1,1,2,2,1,2,2,8,2,4,2,1,3,1,18,10,533,32310,32310,10,2
261978_3,2,5,20,27,2,0,1,1,0,2,0,0,0,0,0,0,0,1,1,1,2,2,1,2,2,8,2,4,2,1,3,1,18,10,533,<Null>,32310,2,0.4
261978_4,2,5,25,36,2,0,1,1,0,2,0,0,0,0,0,0,0,1,1,3,2,2,1,2,2,8,2,4,2,1,3,1,18,10,533,<Null>,32310,2,0.4
262104_1,1,1,25,96,6,0,1,2,22,1,0,0,0,0,0,0,0,1,1,1,2,2,4,2,2,8,2,4,2,1,2,1,28,3,236,39110,39110,12,2.4
262104_2,1,1,25,96,6,0,1,2,20,1,0,0,0,0,0,0,0,1,1,1,2,2,4,2,2,8,2,4,2,1,2,1,28,3,236,39110,39110,10,2
262104_3,2,5,25,28,2,0,1,1,0,2,0,0,0,0,0,0,0,1,1,3,2,2,1,1,2,8,2,4,2,1,2,1,28,3,236,<Null>,39110,4,0.8
262104_4,2,5,25,22,2,0,1,1,0,2,0,0,0,0,0,0,0,1,1,2,2,2,1,2,2,8,2,4,2,1,2,1,28,3,236,<Null>,39110,4,0.8
262117_1,1,1,25,96,6,0,1,2,21,1,0,0,0,0,0,0,0,1,1,1,2,2,1,3,2,7,2,3,1,1,2,2,0,1,171,39110,39110,11,2.2
262117_2,1,1,25,96,6,0,1,2,6,1,1,13,58,0,0,0,0,1,1,1,2,2,1,2,3,7,2,3,1,1,2,2,0,1,171,39110,39110,11,2.2
262117_3,2,5,25,28,2,0,1,1,0,2,0,0,0,0,0,0,0,1,1,3,2,2,1,1,2,7,2,3,1,1,2,2,0,1,171,<Null>,39110,1,0.2
266577_1,1,1,40,76,4,0,1,2,7,1,0,0,0,0,0,0,0,1,1,1,2,2,1,2,2,8,2,4,2,1,2,1,23,2,541,12560,12560,1,0.2
266577_2,1,1,40,79,4,0,1,2,7,1,0,0,0,0,0,0,0,1,1,1,2,2,1,2,2,8,2,4,2,1,2,1,23,2,541,12560,12560,1,0.2
266577_3,2,5,25,26,2,0,1,1,0,2,0,0,0,0,0,0,0,1,1,3,2,2,1,2,2,8,2,4,2,1,2,1,23,2,541,<Null>,12560,0,0
266577_4,2,5,25,38,2,0,1,1,0,2,0,0,0,0,0,0,0,1,1,3,2,2,1,2,2,8,2,4,2,1,2,1,23,2,541,<Null>,12560,0,0
267912_1,1,5,40,38,2,0,1,1,0,3,0,0,0,0,0,0,0,3,3,1,2,2,3,2,2,9,2,3,5,1,3,2,0,53,130,2040,24570,0,0
267912_2,2,1,40,69,2,0,1,2,10,1,0,0,0,0,0,0,0,3,1,1,2,1,3,2,3,9,2,3,5,1,3,2,0,53,130,24570,24570,0,0
267912_3,2,1,40,72,2,0,1,2,16,1,0,0,0,0,0,0,0,3,1,1,2,1,3,3,2,9,2,3,5,1,3,2,0,53,130,24570,24570,0,0
268060_1,1,5,65,20,1,0,1,1,0,2,0,0,0,0,0,0,0,1,1,1,2,1,1,2,2,9,1,4,1,2,2,1,3,2,138,1460,1480,0,0
268060_2,1,5,65,20,1,0,1,1,0,5,0,0,0,0,0,0,0,1,1,1,2,1,1,3,3,9,1,4,1,2,2,1,3,2,138,670,1480,0,0
268060_3,2,1,35,22,2,0,1,1,0,1,0,0,0,0,0,0,0,1,1,1,2,2,3,3,2,9,1,4,1,2,2,1,3,2,138,1480,1480,0,0
268060_4,2,1,35,26,2,0,1,1,0,1,0,0,0,0,0,0,0,1,1,1,2,2,2,2,3,9,1,4,1,2,2,1,3,2,138,1480,1480,0,0
276701_1,1,1,45,86,4,0,1,2,16,1,0,0,0,0,1,13,0,1,1,1,2,2,1,3,2,7,2,3,1,1,2,2,0,1,1355,18620,18620,1,0.2
276701_2,1,1,45,86,4,1,1,2,16,1,0,0,0,0,0,0,0,1,1,1,2,2,1,2,3,7,2,3,1,1,2,2,0,1,1355,18620,18620,1,0.2
276701_3,2,5,25,34,2,0,1,1,0,2,0,0,0,0,0,0,0,1,1,1,2,2,1,2,2,7,2,3,1,1,2,2,0,1,1355,<Null>,18620,3,0.6
287432_1,1,1,35,82,4,0,1,2,21,1,1,12,176,0,0,0,0,1,1,1,2,2,1,1,3,7,2,3,6,2,2,2,0,25,60,21060,21060,0,0
287432_2,1,1,35,80,4,0,1,2,33,1,0,0,0,0,0,0,0,1,1,1,2,2,1,3,2,7,2,3,6,2,2,2,0,25,60,21060,21060,0,0
287432_3,2,5,25,26,2,0,3,1,0,4,0,0,0,0,0,0,0,1,1,1,2,2,1,2,2,7,2,3,6,2,2,2,0,25,60,3660,21060,0,0
290477_1,1,1,35,68,4,0,1,1,0,1,1,14,0,0,0,0,0,1,1,1,2,2,1,2,2,8,2,4,2,2,2,1,8,10,423,17780,17780,1,0.2
290477_2,1,1,35,68,4,0,1,1,0,1,1,14,0,0,0,0,0,1,1,1,2,2,1,2,2,8,2,4,2,2,2,1,8,10,423,17780,17780,0,0
290477_3,2,5,25,25,2,0,1,1,0,2,0,0,0,0,0,0,0,1,1,1,2,2,1,2,2,8,2,4,2,2,2,1,8,10,423,<Null>,17780,1,0.2
290477_4,2,5,25,25,2,0,1,1,0,2,0,0,0,0,0,0,0,1,1,1,2,2,1,2,2,8,2,4,2,2,2,1,8,10,423,<Null>,17780,1,0.2
293360_1,1,5,70,22,1,0,1,1,0,5,0,0,0,0,0,0,0,1,1,1,2,1,1,3,3,9,2,4,1,1,2,2,0,28,175,1250,3980,0,0
293360_2,1,5,70,22,1,0,1,1,0,2,0,0,0,0,0,0,0,2,3,1,2,1,1,2,2,9,2,4,1,1,2,2,0,28,175,570,3980,0,0
293360_3,2,1,50,24,2,0,1,1,0,1,0,0,0,0,0,0,0,1,1,1,2,2,2,2,3,9,2,4,1,1,2,2,0,28,175,3980,3980,0,0
293360_4,2,1,50,56,2,1,1,1,0,1,0,0,0,0,1,15,508,1,1,1,2,2,3,3,2,9,2,4,1,1,2,2,0,28,175,3980,3980,0,0
295416_1,1,1,45,84,4,1,1,1,0,1,1,12,625,0,0,0,0,1,1,1,2,2,1,2,2,8,2,4,2,1,2,2,0,26,711,4900,4900,0,0
295416_2,1,1,45,84,4,0,1,1,0,1,1,12,153,0,1,13,588,2,3,1,2,2,1,2,2,8,2,4,2,1,2,2,0,26,711,4900,4900,0,0
295416_3,2,5,25,42,2,0,1,1,0,2,1,12,290,0,0,0,0,2,1,1,2,2,1,2,2,8,2,4,2,1,2,2,0,26,711,<Null>,4900,0,0
295416_4,2,5,25,36,2,0,1,1,0,2,0,0,161,0,1,12,161,1,2,1,2,2,1,2,2,8,2,4,2,1,2,2,0,26,711,<Null>,4900,0,0
297786_1,1,1,45,24,2,0,1,1,0,1,0,0,0,0,0,0,0,1,1,1,2,2,1,3,2,5,2,3,1,2,2,2,0,30,5413,11510,11510,0,0
297786_2,1,1,45,24,2,0,1,1,0,1,0,0,0,0,0,0,0,1,1,1,2,2,1,2,3,5,2,3,1,2,2,2,0,30,5413,11510,11510,0,0
297786_3,2,5,25,18,2,0,1,1,0,2,0,0,0,0,0,0,0,1,1,1,2,2,1,2,2,5,2,3,1,2,2,2,0,30,5413,<Null>,11510,0,0
298697_1,1,1,35,24,2,0,1,1,0,1,0,0,0,0,0,0,0,1,1,1,2,2,1,2,2,6,2,4,2,1,2,1,12,7,314,4650,4650,1,0.2
298697_2,1,1,35,24,2,0,1,1,0,1,0,0,0,0,0,0,0,1,1,1,2,2,1,2,2,6,2,4,2,1,2,1,12,7,314,4650,4650,1,0.2
298697_3,2,5,25,22,2,0,1,1,0,2,0,0,0,0,0,0,0,1,1,1,2,2,1,2,2,6,2,4,2,1,2,1,12,7,314,<Null>,4650,0,0
298697_4,2,5,25,26,2,0,1,1,0,2,0,0,0,0,0,0,0,1,1,1,2,2,1,2,2,6,2,4,2,1,2,1,12,7,314,<Null>,4650,1,0.2
298699_1,1,1,35,24,2,0,1,1,0,1,0,0,0,0,0,0,0,1,1,1,2,2,1,3,1,5,2,3,1,1,2,2,0,2,314,4650,4650,0,0
298699_2,1,1,35,24,2,0,1,1,0,1,0,0,0,0,0,0,0,1,1,1,2,2,1,2,3,5,2,3,1,1,2,2,0,2,314,4650,4650,0,0
298699_3,2,5,25,24,2,0,1,1,0,2,0,0,0,0,0,0,0,1,1,1,2,2,1,1,2,5,2,3,1,1,2,2,0,2,314,<Null>,4650,0,0
300883_1,1,1,45,102,6,0,1,5,14,1,1,13,74,2,0,0,0,1,1,1,2,2,1,3,2,7,2,3,1,1,1,2,0,1,74,43280,43280,1,0.2
300883_2,1,1,45,98,6,0,1,3,12,1,1,14,100,2,0,0,0,1,1,1,2,2,1,2,3,7,2,3,1,1,1,2,0,1,74,43280,43280,10,2
300883_3,2,5,25,26,2,0,1,1,0,2,0,0,0,0,0,0,0,1,1,1,2,2,1,2,2,7,2,3,1,1,1,2,0,1,74,<Null>,43280,3,0.6
303403_1,1,1,35,48,4,0,1,1,0,1,0,0,0,0,0,0,0,1,1,1,2,2,1,3,2,7,2,3,1,1,2,2,0,4,503,4700,4700,0,0
303403_2,1,1,35,48,4,0,1,1,0,1,0,0,0,0,0,0,0,1,1,1,2,2,1,2,3,7,2,3,1,1,2,2,0,4,503,4700,4700,0,0
303403_3,2,5,25,29,2,0,1,1,0,2,0,0,0,0,0,0,0,1,1,1,2,2,1,2,2,7,2,3,1,1,2,2,0,4,503,<Null>,4700,0,0
303531_1,1,1,40,56,4,0,1,4,12,1,0,0,0,0,0,0,0,1,1,1,2,2,1,2,2,8,2,4,2,1,1,2,0,3,473,26920,26920,5,1
303531_2,1,1,40,56,4,0,1,4,12,1,0,0,0,0,0,0,0,1,1,1,2,2,1,2,2,8,2,4,2,1,1,2,0,3,473,26920,26920,1,0.2
303531_3,2,5,25,22,2,0,1,1,0,2,0,0,0,0,0,0,0,1,1,1,2,2,1,2,2,8,2,4,2,1,1,2,0,3,473,<Null>,26920,2,0.4
303531_4,2,5,25,22,2,0,1,1,0,2,0,0,0,0,0,0,0,1,1,1,2,2,1,2,2,8,2,4,2,1,1,2,0,3,473,<Null>,26920,2,0.4
304150_1,1,1,45,22,2,0,1,1,0,1,0,0,0,0,0,0,0,1,1,1,2,2,1,3,2,5,2,3,1,2,2,2,0,21,2796,6130,6130,2,0.4
304150_2,1,1,45,22,2,0,1,1,0,1,0,0,0,0,0,0,0,1,1,1,2,2,1,2,3,5,2,3,1,2,2,2,0,21,2796,6130,6130,7,1.4
304150_3,2,5,20,20,2,0,1,1,0,2,0,0,0,0,0,0,0,1,1,1,2,2,1,2,2,5,2,3,1,2,2,2,0,21,2796,<Null>,6130,0,0
307262_1,1,1,45,25,2,0,1,1,0,1,0,0,0,0,0,0,0,1,1,1,2,2,1,2,3,5,2,3,1,2,2,2,0,50,2070,6150,6150,0,0
307262_2,1,1,45,25,2,0,1,1,0,1,0,0,0,0,0,0,0,1,1,1,2,2,1,3,1,5,2,3,1,2,2,2,0,50,2070,6150,6150,0,0
307262_3,2,5,25,23,2,0,1,1,0,2,0,0,0,0,0,0,0,1,1,1,2,2,1,2,2,5,2,3,1,2,2,2,0,50,2070,<Null>,6150,0,0
308120_1,1,1,55,42,2,0,1,1,0,1,0,0,0,0,1,14,118,1,1,1,2,2,1,3,2,5,2,3,1,1,2,2,0,10,378,15980,15980,2,0.4
308120_2,1,1,55,28,2,0,1,1,0,1,0,0,0,0,0,0,0,1,1,1,2,2,1,2,3,5,2,3,1,1,2,2,0,10,378,15980,15980,3,0.6
308120_3,2,5,25,26,2,0,1,1,0,2,0,0,0,0,0,0,0,1,1,1,2,2,1,2,2,5,2,3,1,1,2,2,0,10,378,<Null>,15980,0,0
310601_1,1,1,40,42,2,0,1,1,0,1,0,0,0,0,1,15,0,1,1,1,2,2,1,2,2,6,2,4,2,1,2,2,0,57,148,6170,6170,1,0.2
310601_2,1,1,40,42,2,1,1,1,0,1,0,0,0,0,0,0,0,1,1,1,2,2,1,2,2,6,2,4,2,1,2,2,0,57,148,6170,6170,0,0
310601_3,2,5,25,48,2,0,1,5,16,2,0,0,0,0,0,0,0,1,1,1,2,2,1,1,1,6,2,4,2,1,2,2,0,57,148,<Null>,6170,1,0.2
310601_4,2,5,25,20,2,0,1,1,0,2,0,0,0,0,0,0,0,1,1,1,2,2,1,2,2,6,2,4,2,1,2,2,0,57,148,2260,6170,0,0
314749_1,1,1,35,46,4,0,1,1,0,1,0,0,0,0,0,0,0,1,1,1,2,2,1,2,2,8,2,4,2,1,2,2,0,8,316,13680,13680,4,0.8
314749_2,1,1,35,47,4,0,1,1,0,1,0,0,0,0,0,0,0,1,1,1,2,2,1,2,2,8,2,4,2,1,2,2,0,8,316,13680,13680,4,0.8
314749_3,2,5,25,25,2,0,1,1,0,2,0,0,0,0,0,0,0,1,1,1,2,2,1,2,2,8,2,4,2,1,2,2,0,8,316,<Null>,13680,1,0.2
314749_4,2,5,25,22,2,0,1,1,0,2,0,0,0,0,0,0,0,1,1,1,2,2,1,2,2,8,2,4,2,1,2,2,0,8,316,<Null>,13680,2,0.4
315091_1,1,1,25,51,4,0,1,3,8,1,0,0,0,0,0,0,0,1,1,1,2,2,1,2,3,7,2,3,1,1,2,2,0,34,284,13140,13140,1,0.2
315091_2,1,1,25,54,4,0,1,4,12,1,0,0,0,0,0,0,0,1,1,1,2,2,1,3,2,7,2,3,1,1,2,2,0,34,284,13140,13140,2,0.4
315091_3,2,5,25,24,2,0,1,1,0,2,0,0,0,0,0,0,0,1,1,1,2,2,1,2,1,7,2,3,1,1,2,2,0,34,284,<Null>,13140,1,0.2
315575_1,1,1,25,51,2,0,1,1,0,1,0,0,0,0,0,0,0,1,1,1,2,2,1,2,2,6,2,4,2,1,2,2,0,1,156,6570,6570,2,0.4
315575_2,1,1,25,58,2,0,1,1,0,1,0,0,0,0,0,0,0,1,1,1,2,2,1,2,2,6,2,4,2,1,2,2,0,1,156,6570,6570,5,1
315575_3,2,5,25,50,2,0,1,1,0,2,0,0,0,0,0,0,0,1,1,2,2,2,1,1,2,6,2,4,2,1,2,2,0,1,156,<Null>,6570,3,0.6
315575_4,2,5,25,40,2,0,1,1,0,2,0,0,0,0,0,0,0,1,1,2,2,2,1,2,1,6,2,4,2,1,2,2,0,1,156,<Null>,6570,3,0.6
317338_1,1,1,25,26,2,0,1,1,0,1,0,0,0,0,0,0,0,1,1,1,2,2,1,2,2,6,2,4,2,1,2,2,0,5,591,7110,7110,0,0
317338_2,1,1,25,26,2,0,1,1,0,1,0,0,0,0,0,0,0,1,1,1,2,2,1,2,2,6,2,4,2,1,2,2,0,5,591,7110,7110,0,0
317338_3,2,5,25,28,2,0,1,1,0,2,0,0,0,0,0,0,0,1,1,1,2,2,1,2,2,6,2,4,2,1,2,2,0,5,591,<Null>,7110,0,0
317338_4,2,5,25,28,2,0,1,1,0,2,0,0,0,0,0,0,0,1,1,1,2,2,1,2,2,6,2,4,2,1,2,2,0,5,591,<Null>,7110,0,0
318459_1,1,5,70,22,1,0,1,1,0,3,0,0,0,0,0,0,0,1,3,1,2,1,3,3,2,9,2,3,5,2,2,2,0,56,96,3530,15570,0,0
318459_2,2,1,45,76,4,0,1,3,18,1,1,13,0,0,0,0,0,1,1,1,2,2,2,3,3,9,2,3,5,2,2,2,0,56,96,15570,15570,0,0
318459_3,2,1,45,87,4,1,1,3,30,1,0,0,0,0,0,0,0,1,1,1,2,2,3,3,3,9,2,3,5,2,2,2,0,56,96,15570,15570,0,0
325591_1,1,1,45,70,4,0,1,4,14,1,0,0,0,0,0,0,0,1,1,1,2,2,1,3,2,7,2,3,1,1,1,2,0,3,449,14620,14620,0,0
325591_2,1,1,45,70,4,0,1,1,0,1,1,14,100,0,0,0,0,1,1,1,2,2,1,2,3,7,2,3,1,1,1,2,0,3,449,14620,14620,1,0.2
325591_3,2,5,25,25,2,0,1,1,0,2,0,0,0,0,0,0,0,1,1,1,2,2,1,2,2,7,2,3,1,1,1,2,0,3,449,<Null>,14620,0,0
325706_1,1,1,45,70,4,0,1,1,0,1,1,13,99,0,0,0,0,1,1,4,2,2,1,2,2,8,2,4,2,1,1,2,0,15,449,14620,14620,1,0.2
325706_2,1,1,45,70,4,0,1,1,0,1,1,13,107,0,0,0,0,1,1,1,2,2,1,2,2,8,2,4,2,1,1,2,0,15,449,14620,14620,2,0.4
325706_3,2,4,30,25,2,0,1,1,0,2,0,0,0,0,0,0,0,1,1,1,2,2,1,2,2,8,2,4,2,1,1,2,0,15,449,610,14620,1,0.2
325706_4,2,5,25,27,2,0,1,1,0,2,0,0,0,0,0,0,0,1,1,1,2,2,1,2,2,8,2,4,2,1,1,2,0,15,449,620,14620,3,0.6
326968_1,1,1,45,40,2,1,1,1,0,1,0,0,0,0,0,0,0,1,1,1,2,2,1,2,3,1,1,3,1,1,2,2,0,6,1065,4400,4400,1,0.2
326968_2,1,1,45,41,2,0,1,1,0,1,0,0,0,0,1,12,121,2,3,1,2,2,1,3,2,1,1,3,1,1,2,2,0,6,1065,4400,4400,0,0
326968_3,2,5,25,26,2,0,1,1,0,2,0,0,0,0,0,0,0,2,3,1,2,2,1,2,2,1,1,3,1,1,2,2,0,6,1065,<Null>,4400,0,0
327135_1,1,1,65,105,4,0,1,2,48,1,1,12,184,0,0,0,0,1,1,1,2,2,1,2,3,3,1,3,1,2,2,2,0,5,2131,18730,18730,0,0
327135_2,1,1,65,104,4,0,1,2,58,1,0,0,0,0,0,0,0,2,1,1,2,2,1,3,2,3,1,3,1,2,2,2,0,5,2131,18730,18730,0,0
327135_3,2,5,50,29,2,0,1,1,0,2,0,0,0,0,0,0,0,3,1,1,2,2,1,2,2,3,1,3,1,2,2,2,0,5,2131,308,18730,0,0
327255_1,1,1,45,25,2,0,1,1,0,1,0,0,0,0,0,0,0,1,1,1,2,2,1,3,2,5,2,3,1,1,1,2,0,13,513,4650,4650,0,0
327255_2,1,1,45,25,2,0,1,1,0,1,0,0,0,0,0,0,0,1,1,1,2,2,1,2,3,5,2,3,1,1,1,2,0,13,513,4650,4650,0,0
327255_3,2,5,25,25,2,0,1,1,0,2,0,0,0,0,0,0,0,1,1,1,2,2,1,2,2,5,2,3,1,1,1,2,0,13,513,<Null>,4650,0,0
327353_1,1,1,30,39,2,0,1,1,0,1,0,0,0,0,0,0,0,1,1,1,2,2,1,2,2,6,2,4,2,1,1,2,0,1,547,4650,4650,2,0.4
327353_2,1,1,30,39,2,0,1,1,0,1,0,0,0,0,0,0,0,1,1,1,2,2,1,2,2,6,2,4,2,1,1,2,0,1,547,4650,4650,1,0.2
327353_3,2,5,30,25,2,0,1,1,0,2,0,0,0,0,0,0,0,1,1,3,2,2,1,2,2,6,2,4,2,1,1,2,0,1,547,<Null>,4650,0,0
327353_4,2,5,30,25,2,0,1,1,0,2,0,0,0,0,0,0,0,1,1,3,2,2,1,2,2,6,2,4,2,1,1,2,0,1,547,830,4650,0,0
327362_1,1,1,30,37,2,0,1,1,0,1,0,0,0,0,0,0,0,1,1,1,2,2,1,2,2,6,2,4,2,1,1,1,13,1,451,4650,4650,4,0.8
327362_2,1,1,30,37,2,0,1,1,0,1,0,0,0,0,0,0,0,1,1,1,2,2,1,2,2,6,2,4,2,1,1,1,13,1,451,4650,4650,3,0.6
327362_3,2,5,30,30,2,0,1,1,0,2,0,0,0,0,0,0,0,1,1,2,2,2,1,2,2,6,2,4,2,1,1,1,13,1,451,2380,4650,2,0.4
327362_4,2,5,30,25,2,0,1,1,0,2,0,0,0,0,0,0,0,1,1,3,2,2,1,2,2,6,2,4,2,1,1,1,13,1,451,2380,4650,1,0.2
327395_1,1,1,45,64,4,0,1,1,0,1,1,16,100,0,0,0,0,1,1,1,2,2,1,1,2,8,2,4,2,1,1,2,0,1,347,14620,14620,0,0
327395_2,1,1,45,62,4,0,1,1,0,1,1,15,84,0,0,0,0,1,1,1,2,2,1,2,2,8,2,4,2,1,1,2,0,1,347,14620,14620,0,0
327395_3,2,5,25,25,2,0,1,1,0,2,0,0,0,0,0,0,0,1,1,1,2,2,1,2,2,8,2,4,2,1,1,2,0,1,347,<Null>,14620,0,0
327395_4,2,5,25,23,2,0,1,1,0,2,0,0,0,0,0,0,0,1,1,1,2,2,1,2,2,8,2,4,2,1,1,2,0,1,347,<Null>,14620,0,0
327841_1,1,1,35,30,2,0,1,1,0,1,0,0,0,0,0,0,0,1,1,1,2,2,1,3,2,5,2,3,1,1,1,2,0,1,689,2750,2750,0,0
327841_2,1,1,35,30,2,0,1,1,0,1,0,0,0,0,0,0,0,1,1,1,2,2,1,2,3,5,2,3,1,1,1,2,0,1,689,2750,2750,0,0
327841_3,2,5,25,28,2,0,1,1,0,2,0,0,0,0,0,0,0,1,1,1,2,2,1,1,2,5,2,3,1,1,1,2,0,1,689,<Null>,2750,0,0
329459_1,1,1,55,121,4,0,1,2,52,1,1,14,217,-47,0,0,0,1,1,1,2,2,1,2,2,4,1,4,2,2,2,2,0,16,1641,17610,17610,1,0.2
329459_2,1,1,55,121,4,0,1,2,52,1,1,14,191,-47,0,0,0,1,1,1,2,2,1,2,2,4,1,4,2,2,2,2,0,16,1641,17610,17610,2,0.4
329459_3,2,5,45,26,2,0,1,1,0,2,0,0,0,0,0,0,0,1,1,1,2,2,1,2,2,4,1,4,2,2,2,2,0,16,1641,830,17610,0,0
329459_4,2,5,30,22,2,0,1,1,0,2,0,0,0,0,0,0,0,1,1,1,2,2,1,2,2,4,1,4,2,2,2,2,0,16,1641,830,17610,0,0
329743_1,1,1,45,65,4,0,1,4,14,1,0,0,0,0,0,0,0,1,1,1,2,2,1,3,2,7,2,3,1,1,1,2,0,1,34,10080,10080,2,0.4
329743_2,1,1,45,65,4,0,1,1,0,1,1,14,81,0,0,0,0,1,1,1,2,2,1,2,3,7,2,3,1,1,1,2,0,1,34,10080,10080,2,0.4
329743_3,2,5,25,26,2,0,1,1,0,2,0,0,0,0,0,0,0,1,1,1,2,2,1,2,2,7,2,3,1,1,1,2,0,1,34,<Null>,10080,1,0.2
332110_1,1,1,55,27,2,0,1,1,0,1,0,0,0,0,0,0,0,1,1,1,2,2,1,2,2,2,1,4,2,2,2,1,20,10,1914,2640,2640,0,0
332110_2,1,1,55,27,2,0,1,1,0,1,0,0,0,0,0,0,0,1,1,1,2,2,1,2,2,2,1,4,2,2,2,1,20,10,1914,2640,2640,0,0
332110_3,2,5,20,13,2,0,1,1,0,2,0,0,0,0,0,0,0,1,1,1,2,2,1,2,2,2,1,4,2,2,2,1,20,10,1914,<Null>,2640,0,0
332110_4,2,5,25,17,2,0,1,1,0,2,0,0,0,0,0,0,0,1,1,1,2,2,1,2,2,2,1,4,2,2,2,1,20,10,1914,<Null>,2640,0,0
332675_1,1,1,45,27,2,0,1,1,0,1,0,0,0,0,0,0,0,1,1,1,2,2,1,3,2,1,1,3,1,2,2,2,0,74,2179,6450,6450,0,0
332675_2,1,1,45,27,2,0,1,1,0,1,0,0,0,0,0,0,0,1,1,1,2,2,1,2,3,1,1,3,1,2,2,2,0,74,2179,6450,6450,0,0
332675_3,2,5,45,21,2,0,1,1,0,2,0,0,0,0,0,0,0,1,1,1,2,2,1,2,2,1,1,3,1,2,2,2,0,74,2179,308,6450,0,0
336223_1,1,1,55,25,2,0,1,1,0,1,0,0,0,0,0,0,0,1,1,1,2,2,1,3,2,1,1,3,1,2,2,2,0,38,116,4500,4500,1,0.2
336223_2,1,1,55,25,2,0,1,1,0,1,0,0,0,0,0,0,0,1,1,1,2,2,1,2,3,1,1,3,1,2,2,2,0,38,116,4500,4500,1,0.2
336223_3,2,3,35,22,2,0,1,1,0,2,0,0,0,0,0,0,0,1,1,1,2,2,1,2,2,1,1,3,1,2,2,2,0,38,116,1500,4500,0,0
338436_1,1,1,65,122,4,0,1,2,53,1,1,12,242,-41,0,0,0,1,1,1,2,2,1,2,2,4,1,4,2,2,2,2,0,39,2884,16850,16850,1,0.2
338436_2,1,1,65,122,4,0,1,2,54,1,1,11,177,-41,0,0,0,2,3,1,2,2,1,2,2,4,1,4,2,2,2,2,0,39,2884,16850,16850,1,0.2
338436_3,2,5,45,23,2,0,1,1,0,2,0,0,0,0,0,0,0,3,3,1,2,2,1,2,2,4,1,4,2,2,2,2,0,39,2884,840,16850,1,0.2
338436_4,2,5,45,23,2,0,1,1,0,2,0,0,0,0,0,0,0,1,1,1,2,2,1,2,2,4,1,4,2,2,2,2,0,39,2884,850,16850,2,0.4
340352_1,1,1,55,30,2,0,1,1,0,1,0,0,0,0,0,0,0,1,1,1,2,2,1,2,3,1,1,3,1,2,1,2,0,11,705,2570,2570,2,0.4
340352_2,1,1,55,30,2,0,1,1,0,1,0,0,0,0,0,0,0,2,3,1,2,2,1,3,2,1,1,3,1,2,1,2,0,11,705,2570,2570,0,0
340352_3,2,5,40,25,2,0,1,1,0,2,0,0,0,0,0,0,0,2,2,1,2,2,1,2,2,1,1,3,1,2,1,2,0,11,705,<Null>,2570,0,0
340475_1,1,1,65,140,4,0,1,2,72,1,1,12,207,-72,0,0,0,1,1,1,2,2,1,3,2,3,1,3,1,2,2,2,0,2,5921,16940,16940,2,0.4
340475_2,1,1,65,160,4,1,1,2,77,1,1,12,244,-72,0,0,0,1,1,1,2,2,1,2,3,3,1,3,1,2,2,2,0,2,5921,16940,16940,1,0.2
340475_3,2,5,55,27,2,0,1,1,0,2,0,0,0,0,0,0,0,3,3,1,2,2,1,2,2,3,1,3,1,2,2,2,0,2,5921,2760,16940,1,0.2
340617_1,1,1,50,25,2,0,1,1,0,1,0,0,0,0,0,0,0,1,1,1,2,2,1,2,2,6,2,4,2,1,1,2,0,11,829,16580,16580,1,0.2
340617_2,1,1,50,24,2,0,1,1,0,1,0,0,0,0,0,0,0,1,1,1,2,2,1,2,2,6,2,4,2,1,1,2,0,11,829,16580,16580,0,0
340617_3,2,5,25,20,2,0,1,1,0,2,0,0,0,0,0,0,0,1,1,1,2,2,1,2,2,6,2,4,2,1,1,2,0,11,829,<Null>,16580,1,0.2
340617_4,2,5,25,25,2,0,1,1,0,2,0,0,0,0,0,0,0,1,1,1,2,2,1,2,2,6,2,4,2,1,1,2,0,11,829,<Null>,16580,0,0
340755_1,1,1,50,24,2,0,1,1,0,1,0,0,0,0,0,0,0,1,1,1,2,2,1,2,3,5,2,3,1,1,1,2,0,2,829,16580,16580,0,0
340755_2,1,1,50,23,2,0,1,1,0,1,0,0,0,0,0,0,0,1,1,1,2,2,1,3,2,5,2,3,1,1,1,2,0,2,829,16580,16580,0,0
340755_3,2,5,25,18,2,0,1,1,0,2,0,0,0,0,0,0,0,1,1,1,2,2,1,2,2,5,2,3,1,1,1,2,0,2,829,<Null>,16580,1,0.2
342992_1,1,1,35,24,2,0,1,1,0,1,0,0,0,0,0,0,0,1,1,1,2,2,1,2,2,2,1,4,2,2,1,2,0,32,1950,990,990,0,0
342992_2,1,1,35,24,2,0,1,1,0,1,0,0,0,0,0,0,0,1,1,1,2,2,1,2,2,2,1,4,2,2,1,2,0,32,1950,990,990,0,0
342992_3,2,3,45,21,2,0,1,1,0,2,0,0,0,0,0,0,0,1,1,1,2,2,1,2,2,2,1,4,2,2,1,2,0,32,1950,410,990,1,0.2
342992_4,2,3,45,23,2,0,1,1,0,2,0,0,0,0,0,0,0,1,1,1,2,2,1,2,2,2,1,4,2,2,1,2,0,32,1950,550,990,0,0
344905_1,1,1,55,25,2,0,1,1,0,1,0,0,0,0,0,0,0,1,1,1,2,2,1,2,2,2,1,4,2,2,2,1,10,52,2419,1880,1880,0,0
344905_2,1,1,55,25,2,0,1,1,0,1,0,0,0,0,0,0,0,1,1,1,2,2,1,2,2,2,1,4,2,2,2,1,10,52,2419,1880,1880,0,0
344905_3,2,5,25,17,2,0,3,1,0,2,0,0,0,0,0,0,0,1,1,1,2,2,1,2,2,2,1,4,2,2,2,1,10,52,2419,<Null>,1880,0,0
344905_4,2,5,25,22,2,0,3,1,0,2,0,0,0,0,0,0,0,1,1,1,2,2,1,2,2,2,1,4,2,2,2,1,10,52,2419,<Null>,1880,0,0
346906_1,1,1,55,25,2,0,1,1,0,1,0,0,0,0,0,0,0,1,1,1,2,2,1,2,3,1,1,3,1,2,2,2,0,10,3929,1880,1880,0,0
346906_2,1,1,55,25,2,0,1,1,0,1,0,0,0,0,0,0,0,1,1,1,2,2,1,3,2,1,1,3,1,2,2,2,0,10,3929,1880,1880,0,0
346906_3,2,5,25,18,2,0,3,1,0,2,0,0,0,0,0,0,0,1,1,1,2,2,1,2,2,1,1,3,1,2,2,2,0,10,3929,<Null>,1880,0,0
347654_1,1,1,65,104,4,0,1,2,46,1,1,14,0,0,0,0,0,1,1,1,2,2,1,3,2,3,1,3,1,2,1,2,0,4,520,13740,13740,0,0
347654_2,1,1,65,108,4,0,1,2,48,1,1,14,209,0,0,0,0,1,1,1,2,2,1,1,3,3,1,3,1,2,1,2,0,4,520,13740,13740,0,0
347654_3,2,3,25,23,2,0,1,1,0,2,0,0,0,0,0,0,0,1,1,1,2,2,1,1,2,3,1,3,1,2,1,2,0,4,520,<Null>,13740,0,0
348002_1,1,1,55,24,2,0,1,1,0,1,0,0,0,0,0,0,0,1,1,1,2,2,1,2,2,2,1,4,2,2,3,1,8,15,778,4840,4840,2,0.4
348002_2,1,1,55,24,2,0,1,1,0,1,0,0,0,0,0,0,0,1,1,1,2,2,1,2,2,2,1,4,2,2,3,1,8,15,778,4840,4840,1,0.2
348002_3,2,5,35,22,2,0,1,1,0,2,0,0,0,0,0,0,0,1,1,1,2,2,1,2,2,2,1,4,2,2,3,1,8,15,778,1500,4840,1,0.2
348002_4,2,5,35,23,2,0,1,1,0,2,0,0,0,0,0,0,0,1,1,1,2,2,1,2,2,2,1,4,2,2,3,1,8,15,778,2880,4840,2,0.4
348448_1,1,5,70,17,1,0,1,1,0,5,0,0,0,0,0,0,0,1,1,1,2,1,1,2,2,9,1,4,1,1,2,2,0,20,420,3010,6790,0,0
348448_2,1,5,70,17,1,0,1,1,0,2,0,0,0,0,0,0,0,1,1,1,2,1,1,2,2,9,1,4,1,1,2,2,0,20,420,990,6790,0,0
348448_3,2,5,35,24,2,0,1,1,0,1,0,0,0,0,0,0,0,1,1,1,2,2,3,2,2,9,1,4,1,1,2,2,0,20,420,6790,6790,0,0
348448_4,2,1,35,28,2,0,1,1,0,1,0,0,0,0,0,0,0,1,1,1,2,2,2,2,2,9,1,4,1,1,2,2,0,20,420,6790,6790,0,0
349642_1,1,5,70,14,1,0,1,1,0,2,0,0,0,0,0,0,0,2,1,1,2,1,1,2,2,9,1,4,1,2,1,2,0,26,375,740,1800,0,0
349642_2,1,5,70,22,1,0,1,1,0,5,0,0,0,0,0,0,0,2,1,1,2,1,1,3,3,9,1,4,1,2,1,2,0,26,375,470,1800,0,0
349642_3,2,1,55,24,2,0,1,1,0,1,0,0,0,0,0,0,0,1,3,1,2,2,3,3,2,9,1,4,1,2,1,2,0,26,375,1800,1800,0,0
349642_4,2,1,55,23,2,0,1,1,0,1,0,0,0,0,0,0,0,1,1,1,2,2,2,2,3,9,1,4,1,2,1,2,0,26,375,1800,1800,0,0
349773_1,1,5,70,17,1,0,1,1,0,1,0,0,0,0,0,0,0,2,1,1,2,1,1,3,3,9,1,4,1,2,1,2,0,28,775,690,1800,0,0
349773_2,1,5,70,16,1,0,1,1,0,2,0,0,0,0,0,0,0,2,2,1,2,1,1,2,2,9,1,4,1,2,1,2,0,28,775,470,1800,0,0
349773_3,2,1,55,24,2,0,1,1,0,1,0,0,0,0,0,0,0,1,1,1,2,2,2,2,3,9,1,4,1,2,1,2,0,28,775,1800,1800,0,0
349773_4,2,1,55,24,2,0,1,1,0,1,0,0,0,0,0,0,0,1,3,1,2,2,3,3,2,9,1,4,1,2,1,2,0,28,775,1800,1800,0,0
350352_1,1,1,55,24,2,0,1,1,0,1,0,0,0,0,0,0,0,1,1,1,2,2,1,3,2,1,1,3,1,2,1,2,0,57,2828,1730,1730,0,0
350352_2,1,1,55,24,2,0,1,1,0,1,0,0,0,0,0,0,0,1,1,1,2,2,1,2,3,1,1,3,1,2,1,2,0,57,2828,1730,1730,0,0
350352_3,2,3,25,24,2,0,1,1,0,2,0,0,0,0,0,0,0,1,1,1,2,2,1,2,2,1,1,3,1,2,1,2,0,57,2828,<Null>,1730,0,0
356676_1,1,5,70,16,1,0,1,1,0,5,0,0,0,0,0,0,0,1,1,1,2,1,1,3,3,9,1,4,1,2,2,2,0,18,692,3680,7140,0,0
356676_2,1,5,70,17,1,0,1,1,0,2,0,0,0,0,0,0,0,1,1,1,2,1,1,2,2,9,1,4,1,2,2,2,0,18,692,9000,7140,0,0
356676_3,2,1,45,25,2,0,1,1,0,1,0,0,0,0,0,0,0,1,1,1,2,2,3,3,2,9,1,4,1,2,2,2,0,18,692,7140,7140,0,0
356676_4,2,1,45,25,2,0,1,1,0,1,0,0,0,0,0,0,0,1,1,1,2,2,2,2,3,9,1,4,1,2,2,2,0,18,692,7140,7140,0,0
359103_1,1,1,45,27,2,0,1,1,0,1,0,0,0,0,0,0,0,1,1,1,2,2,1,2,2,2,1,4,2,1,2,1,24,12,836,2760,2760,0,0
359103_2,1,1,45,27,2,0,1,1,0,1,0,0,0,0,0,0,0,1,1,1,2,2,1,2,2,2,1,4,2,1,2,1,24,12,836,2760,2760,0,0
359103_3,2,5,40,23,2,0,1,1,0,2,0,0,0,0,0,0,0,1,1,1,2,2,1,2,2,2,1,4,2,1,2,1,24,12,836,<Null>,2760,0,0
359103_4,2,5,40,22,2,0,1,1,0,2,0,0,0,0,0,0,0,1,1,1,2,2,1,2,2,2,1,4,2,1,2,1,24,12,836,780,2760,0,0
360402_1,1,1,65,104,4,0,1,2,44,1,1,14,255,-39,0,0,0,1,1,1,2,2,1,2,2,4,1,4,2,2,1,1,11,7,699,12180,12180,0,0
360402_2,1,5,65,103,4,1,1,2,44,1,1,14,280,-39,0,0,0,1,1,1,2,2,1,1,2,4,1,4,2,2,1,1,11,7,699,12180,12180,0,0
360402_3,2,3,25,31,2,0,1,1,0,2,0,0,0,0,0,0,0,1,1,1,2,2,1,2,2,4,1,4,2,2,1,1,11,7,699,<Null>,12180,0,0
360402_4,2,3,25,38,2,0,1,1,0,2,0,0,0,0,0,0,0,1,1,1,2,2,1,2,2,4,1,4,2,2,1,1,11,7,699,<Null>,12180,0,0
362140_1,1,1,55,113,4,0,1,2,46,1,1,12,102,-50,0,0,0,1,1,1,2,2,1,3,2,3,1,3,1,2,1,2,0,1,5448,5910,5910,1,0.2
362140_2,1,1,55,113,4,0,1,2,46,1,1,12,102,-50,0,0,0,1,1,1,2,2,1,2,3,3,1,3,1,2,1,2,0,1,5448,5910,5910,0,0
362140_3,2,5,25,22,2,0,1,1,0,2,0,0,0,0,0,0,0,1,1,1,2,2,1,2,2,3,1,3,1,2,1,2,0,1,5448,<Null>,5910,0,0
362180_1,1,1,55,133,4,0,1,2,63,1,1,14,262,-53,1,14,240,2,1,1,2,2,1,2,2,4,1,4,2,2,1,2,0,2,2202,5910,5910,0,0
362180_2,1,1,55,131,4,0,1,2,59,1,1,15,259,-53,1,14,226,2,1,1,2,2,1,2,2,4,1,4,2,2,1,2,0,2,2202,5910,5910,0,0
362180_3,2,5,25,25,2,0,1,1,0,2,0,0,0,0,0,0,0,2,3,1,2,2,1,2,2,4,1,4,2,2,1,2,0,2,2202,<Null>,5910,0,0
362180_4,2,5,25,26,2,0,1,1,0,2,0,0,0,0,0,0,0,2,3,1,2,2,1,2,2,4,1,4,2,2,1,2,0,2,2202,<Null>,5910,0,0
366386_1,1,5,65,26,1,1,1,1,0,2,0,0,0,0,0,0,0,1,1,1,2,1,1,3,3,9,2,4,1,1,3,1,11,1,1078,1770,7280,0,0
366386_2,1,5,65,19,1,0,1,1,0,5,0,0,0,0,0,0,0,2,1,1,2,1,1,2,2,9,2,4,1,1,3,1,11,1,1078,1400,7280,0,0
366386_3,2,1,50,69,2,1,1,2,23,1,0,0,0,0,1,14,201,2,1,1,2,2,3,3,2,9,2,4,1,1,3,1,11,1,1078,7280,7280,0,0
366386_4,2,1,50,45,2,0,1,5,11,1,1,11,122,0,0,0,0,1,1,1,2,2,2,2,3,9,2,4,1,1,3,1,11,1,1078,7280,7280,0,0
366989_1,1,1,55,25,2,0,1,1,0,1,0,0,0,0,0,0,0,1,1,1,2,2,1,3,2,1,1,3,1,2,2,2,0,38,490,2280,2280,1,0.2
366989_2,1,1,55,25,2,0,1,1,0,1,0,0,0,0,0,0,0,1,1,1,2,2,1,2,3,1,1,3,1,2,2,2,0,38,490,2280,2280,1,0.2
366989_3,2,3,45,22,2,0,1,1,0,2,0,0,0,0,0,0,0,1,1,1,2,2,1,2,2,1,1,3,1,2,2,2,0,38,490,308,2280,0,0
369693_1,1,1,55,25,2,0,1,1,0,1,0,0,0,0,0,0,0,1,1,1,2,2,1,2,2,2,1,4,2,2,2,1,23,47,4698,2280,2280,1,0.2
369693_2,1,1,55,25,2,0,1,1,0,1,0,0,0,0,0,0,0,1,1,1,2,2,1,2,2,2,1,4,2,2,2,1,23,47,4698,2280,2280,0,0
369693_3,2,3,40,18,2,0,1,1,0,2,0,0,0,0,0,0,0,1,1,1,2,2,1,2,2,2,1,4,2,2,2,1,23,47,4698,130,2280,0,0
369693_4,2,3,40,24,2,0,1,1,0,2,0,0,0,0,0,0,0,1,1,1,2,2,1,2,2,2,1,4,2,2,2,1,23,47,4698,160,2280,1,0.2
37191_1,1,1,55,21,2,0,1,1,0,1,0,0,0,0,0,0,0,1,1,1,2,2,1,2,2,2,1,4,2,2,2,1,11,15,6829,1640,1640,1,0.2
37191_2,1,1,55,22,2,0,1,1,0,1,0,0,0,0,0,0,0,1,1,1,2,2,1,2,2,2,1,4,2,2,2,1,11,15,6829,1640,1640,0,0
37191_3,2,5,25,27,2,0,3,1,0,2,0,0,0,0,0,0,0,1,1,1,2,2,1,2,2,2,1,4,2,2,2,1,11,15,6829,<Null>,1640,0,0
37191_4,2,5,25,20,2,0,3,1,0,2,0,0,0,0,0,0,0,1,1,1,2,2,1,2,2,2,1,4,2,2,2,1,11,15,6829,<Null>,1640,0,0
372545_1,1,1,55,113,4,0,1,2,21,1,2,24,192,-31,2,26,209,1,1,1,2,2,1,2,2,8,2,4,2,1,1,2,0,14,185,30910,30910,6,1.2
372545_2,1,1,55,90,4,0,1,2,32,1,1,11,123,-31,0,0,0,1,1,1,2,2,1,2,2,8,2,4,2,1,1,2,0,14,185,30910,30910,3,0.6
372545_3,2,5,25,33,2,0,1,1,0,2,0,0,0,0,0,0,0,1,1,1,2,2,1,2,2,8,2,4,2,1,1,2,0,14,185,<Null>,30910,3,0.6
372545_4,2,5,25,67,2,0,1,5,16,2,0,0,0,0,0,0,0,1,1,1,2,2,1,2,2,8,2,4,2,1,1,2,0,14,185,<Null>,30910,5,1
373064_1,1,1,55,127,6,0,1,2,42,1,1,14,192,-42,0,0,0,1,1,1,2,2,1,2,3,7,2,3,1,1,1,2,0,1,0,41690,41690,4,0.8
373064_2,1,1,55,128,6,0,1,2,43,1,1,13,211,-42,0,0,0,1,1,1,2,2,1,3,2,7,2,3,1,1,1,2,0,1,0,41690,41690,6,1.2
373064_3,2,5,25,67,1,0,1,3,22,2,1,12,69,0,1,12,20,1,2,1,2,2,1,2,2,7,2,3,1,1,1,2,0,1,0,<Null>,41690,4,0.8
378523_1,1,1,65,116,4,0,1,2,46,1,1,16,171,0,0,0,0,1,1,1,2,2,1,2,3,3,1,3,1,2,2,2,0,5,740,5980,5980,0,0
378523_2,1,1,65,133,4,0,1,2,64,1,0,0,0,0,1,12,92,3,3,1,2,2,1,3,2,3,1,3,1,2,2,2,0,5,740,5980,5980,1,0.2
378523_3,2,3,45,23,2,0,1,1,0,2,0,0,0,0,0,0,0,3,3,1,2,2,1,2,2,3,1,3,1,2,2,2,0,5,740,3640,5980,2,0.4
378690_1,1,1,65,118,4,0,1,2,50,1,1,15,140,-42,0,0,0,3,3,1,2,2,1,2,2,4,1,4,2,2,2,2,0,2,740,5980,5980,4,0.8
378690_2,1,1,65,132,4,0,1,2,46,1,1,16,152,-42,1,12,137,3,3,1,2,2,1,2,2,4,1,4,2,2,2,2,0,2,740,5980,5980,2,0.4
378690_3,2,3,45,22,2,0,1,1,0,2,0,0,0,0,0,0,0,3,3,1,2,2,1,2,2,4,1,4,2,2,2,2,0,2,740,<Null>,5980,3,0.6
378690_4,2,3,45,22,2,0,1,1,0,2,0,0,0,0,0,0,0,3,3,1,2,2,1,2,2,4,1,4,2,2,2,2,0,2,740,730,5980,1,0.2
392890_1,1,1,65,132,4,0,1,2,62,1,1,14,249,-48,0,0,0,1,1,1,2,2,1,2,2,4,1,4,2,2,2,2,0,32,1120,11180,11180,2,0.4
392890_2,1,1,65,130,4,0,1,2,62,1,1,14,253,-48,0,0,0,2,3,1,2,2,1,2,2,4,1,4,2,2,2,2,0,32,1120,11180,11180,2,0.4
392890_3,2,5,25,14,2,0,1,1,0,2,0,0,0,0,0,0,0,1,1,1,2,2,1,2,2,4,1,4,2,2,2,2,0,32,1120,<Null>,11180,0,0
392890_4,2,5,25,25,2,0,1,1,0,2,0,0,0,0,0,0,0,2,3,1,2,2,1,2,2,4,1,4,2,2,2,2,0,32,1120,<Null>,11180,0,0
393027_1,1,1,55,129,4,0,1,2,56,1,1,12,162,0,0,0,0,1,1,1,2,2,1,2,3,3,1,3,1,2,2,2,0,23,2458,11470,11470,0,0
393027_2,1,1,55,129,4,0,1,2,75,1,0,0,0,0,0,0,0,1,1,1,2,2,1,3,2,3,1,3,1,2,2,2,0,23,2458,11470,11470,0,0
393027_3,2,5,25,19,2,0,1,1,0,2,0,0,0,0,0,0,0,1,1,1,2,2,1,2,2,3,1,3,1,2,2,2,0,23,2458,<Null>,11470,0,0
393235_1,1,5,70,23,1,0,1,1,0,2,0,0,0,0,1,12,466,1,1,1,2,1,1,2,2,9,2,4,1,1,2,2,0,26,376,4070,7350,0,0
393235_2,1,5,70,15,1,0,1,1,0,5,0,0,0,0,0,0,0,1,1,1,2,1,1,2,2,9,2,4,1,1,2,2,0,26,376,2500,7350,0,0
393235_3,2,1,55,59,4,0,1,1,0,1,1,13,102,0,0,0,0,2,1,1,2,2,2,2,2,9,2,4,1,1,2,2,0,26,376,7350,7350,0,0
393235_4,2,1,55,72,4,1,1,4,13,1,0,0,0,0,0,0,0,1,1,1,2,2,3,2,2,9,2,4,1,1,2,2,0,26,376,7350,7350,0,0
393327_1,1,5,65,18,1,0,1,1,0,5,0,0,0,0,0,0,0,1,1,1,2,1,1,2,3,9,2,4,1,1,2,2,0,7,153,3980,7350,0,0
393327_2,1,5,65,18,1,0,1,1,0,2,0,0,0,0,0,0,0,2,1,1,2,1,1,2,3,9,2,4,1,1,2,2,0,7,153,1740,7350,0,0
393327_3,2,1,35,83,4,1,1,5,13,1,0,0,0,0,1,15,0,2,3,1,2,2,3,3,3,9,2,4,1,1,2,2,0,7,153,7350,7350,0,0
393327_4,2,1,35,60,4,0,1,1,0,1,1,12,81,0,0,0,0,1,1,1,2,2,2,2,2,9,2,4,1,1,2,2,0,7,153,7350,7350,0,0
394970_1,1,1,55,25,2,0,1,1,0,1,0,0,0,0,0,0,0,1,1,1,2,2,1,2,2,2,1,4,2,2,3,2,0,21,3554,3030,3030,0,0
394970_2,1,1,55,25,2,0,1,1,0,1,0,0,0,0,0,0,0,1,1,1,2,2,1,2,2,2,1,4,2,2,3,2,0,21,3554,3030,3030,0,0
394970_3,2,3,25,24,2,0,1,1,0,2,0,0,0,0,0,0,0,1,1,1,2,2,1,2,2,2,1,4,2,2,3,2,0,21,3554,210,3030,0,0
394970_4,2,5,25,22,2,0,1,1,0,2,0,0,0,0,0,0,0,1,1,1,2,2,1,2,2,2,1,4,2,2,3,2,0,21,3554,210,3030,0,0
395057_1,1,1,55,25,2,0,1,1,0,1,0,0,0,0,0,0,0,1,1,1,2,2,1,2,2,6,2,4,2,1,2,2,0,24,1000,5500,5500,1,0.2
395057_2,1,1,55,25,2,0,1,1,0,1,0,0,0,0,0,0,0,1,1,1,2,2,1,2,2,6,2,4,2,1,2,2,0,24,1000,5500,5500,1,0.2
395057_3,2,5,25,13,2,0,1,1,0,2,0,0,0,0,0,0,0,1,1,1,2,2,1,2,2,6,2,4,2,1,2,2,0,24,1000,<Null>,5500,0,0
395057_4,2,5,25,24,2,0,1,1,0,2,0,0,0,0,0,0,0,1,1,1,2,2,1,2,2,6,2,4,2,1,2,2,0,24,1000,<Null>,5500,1,0.2
39912_1,1,1,45,24,2,0,1,1,0,1,0,0,0,0,0,0,0,1,1,1,2,2,1,2,2,6,2,4,2,1,2,1,30,23,791,3890,3890,1,0.2
39912_2,1,1,45,24,2,0,1,1,0,1,0,0,0,0,0,0,0,1,1,1,2,2,1,2,2,6,2,4,2,1,2,1,30,23,791,3890,3890,0,0
39912_3,2,4,25,18,2,0,1,1,0,2,0,0,0,0,0,0,0,1,1,1,2,2,1,2,2,6,2,4,2,1,2,1,30,23,791,<Null>,3890,0,0
39912_4,2,4,25,18,2,0,1,1,0,2,0,0,0,0,0,0,0,1,1,1,2,2,1,2,2,6,2,4,2,1,2,1,30,23,791,<Null>,3890,0,0
405277_1,1,1,50,52,4,0,1,4,12,1,0,0,0,0,0,0,0,1,1,1,2,2,1,2,2,8,2,4,2,1,2,2,0,3,268,5970,5970,1,0.2
405277_2,1,1,50,52,4,0,1,4,12,1,0,0,0,0,0,0,0,1,1,1,2,2,1,2,2,8,2,4,2,1,2,2,0,3,268,5970,5970,1,0.2
405277_3,2,5,25,40,2,0,1,1,0,2,0,0,0,0,0,0,0,1,1,1,2,2,1,2,2,8,2,4,2,1,2,2,0,3,268,<Null>,5970,0,0
405277_4,2,5,25,20,2,0,1,1,0,2,0,0,0,0,0,0,0,1,1,1,2,2,1,2,2,8,2,4,2,1,2,2,0,3,268,<Null>,5970,1,0.2
406562_1,1,1,40,38,2,0,1,4,14,1,0,0,0,0,0,0,0,1,1,1,2,2,1,2,3,5,2,3,1,1,2,2,0,1,5,8580,8580,1,0.2
406562_2,1,1,40,38,2,0,1,4,14,1,0,0,0,0,0,0,0,1,1,1,2,2,1,3,2,5,2,3,1,1,2,2,0,1,5,8580,8580,3,0.6
406562_3,2,5,25,20,2,0,1,1,0,2,0,0,0,0,0,0,0,1,1,2,2,2,1,1,2,5,2,3,1,1,2,2,0,1,5,<Null>,8580,0,0
407406_1,1,1,65,120,4,0,1,2,50,1,1,15,150,0,0,0,0,1,1,1,2,2,1,2,3,3,1,3,1,2,2,2,0,27,2992,15460,15460,0,0
407406_2,1,1,65,119,4,0,1,2,65,1,0,0,0,0,0,0,0,1,1,1,2,2,1,3,2,3,1,3,1,2,2,2,0,27,2992,15460,15460,1,0.2
407406_3,2,5,25,25,2,0,1,1,0,2,0,0,0,0,0,0,0,1,1,1,2,2,1,2,2,3,1,3,1,2,2,2,0,27,2992,308,15460,1,0.2
407685_1,1,1,65,132,4,0,1,2,49,1,1,14,256,-43,1,14,275,2,3,1,2,2,1,2,2,4,1,4,2,2,2,2,0,6,7900,13430,13430,5,1
407685_2,1,1,65,117,4,0,1,2,49,1,1,14,217,-43,0,0,0,2,1,1,2,2,1,2,2,4,1,4,2,2,2,2,0,6,7900,13430,13430,4,0.8
407685_3,2,1,55,23,2,0,1,1,0,2,0,0,0,0,0,0,0,2,3,1,2,2,1,2,2,4,1,4,2,2,2,2,0,6,7900,630,13430,1,0.2
407685_4,2,5,55,18,2,0,1,1,0,2,0,0,0,0,0,0,0,2,3,1,2,2,1,2,2,4,1,4,2,2,2,2,0,6,7900,600,13430,0,0
407754_1,1,5,65,18,1,0,2,1,0,5,0,0,0,0,0,0,0,1,1,1,2,1,1,2,2,9,2,4,1,2,2,2,0,26,1799,1520,4110,0,0
407754_2,1,5,65,15,1,0,2,1,0,2,0,0,0,0,0,0,0,1,1,1,2,1,1,3,3,9,2,4,1,2,2,2,0,26,1799,670,4110,0,0
407754_3,2,1,35,24,2,0,1,1,0,1,0,0,0,0,0,0,0,1,1,1,2,2,3,3,2,9,2,4,1,2,2,2,0,26,1799,4110,4110,0,0
407754_4,2,1,35,24,2,0,1,1,0,1,0,0,0,0,0,0,0,1,1,1,2,2,2,2,3,9,2,4,1,2,2,2,0,26,1799,4110,4110,0,0
407832_1,1,5,70,15,1,0,2,1,0,2,0,0,0,0,0,0,0,1,2,1,2,1,1,2,2,9,2,4,1,2,1,2,0,51,823,590,4100,0,0
407832_2,1,5,70,17,1,0,2,1,0,5,0,0,0,0,0,0,0,2,1,1,2,1,1,3,3,9,2,4,1,2,1,2,0,51,823,630,4100,0,0
407832_3,2,1,35,23,2,0,1,1,0,1,0,0,0,0,0,0,0,2,1,1,2,2,2,2,3,9,2,4,1,2,1,2,0,51,823,4100,4100,0,0
407832_4,2,1,35,23,2,0,1,1,0,1,0,0,0,0,0,0,0,1,3,1,2,2,3,3,2,9,2,4,1,2,1,2,0,51,823,4100,4100,0,0
408185_1,1,1,40,40,2,0,1,4,14,1,0,0,0,0,0,0,0,1,1,1,2,2,1,2,2,6,2,4,2,2,2,2,0,64,173,10470,10470,3,0.6
408185_2,1,1,40,40,2,0,1,4,14,1,0,0,0,0,0,0,0,1,1,1,2,2,1,2,2,6,2,4,2,2,2,2,0,64,173,10470,10470,1,0.2
408185_3,2,5,30,20,2,0,1,1,0,2,0,0,0,0,0,0,0,1,1,1,2,2,1,2,2,6,2,4,2,2,2,2,0,64,173,<Null>,10470,4,0.8
408185_4,2,5,30,20,2,0,1,1,0,2,0,0,0,0,0,0,0,1,1,1,2,2,1,2,2,6,2,4,2,2,2,2,0,64,173,<Null>,10470,1,0.2
414350_1,1,2,35,52,4,0,1,1,0,1,0,0,0,0,0,0,0,1,1,1,2,2,1,3,2,7,2,3,1,1,2,2,0,4,20,19560,19560,17,3.4
414350_2,1,2,35,52,4,0,1,1,0,1,0,0,0,0,0,0,0,1,1,1,2,2,1,2,3,7,2,3,1,1,2,2,0,4,20,19560,19560,20,4
414350_3,2,5,25,32,2,0,1,1,0,2,0,0,0,0,0,0,0,1,1,1,2,2,1,2,2,7,2,3,1,1,2,2,0,4,20,840,19560,20,4
417265_1,1,1,55,24,2,0,1,1,0,1,0,0,0,0,0,0,0,1,1,1,2,2,1,3,2,1,1,3,1,2,1,2,0,9,2058,4150,4150,0,0
417265_2,1,1,55,24,2,0,1,1,0,1,0,0,0,0,0,0,0,1,1,1,2,2,1,2,3,1,1,3,1,2,1,2,0,9,2058,4150,4150,0,0
417265_3,2,5,25,21,2,0,3,1,0,2,0,0,0,0,0,0,0,1,1,1,2,2,1,2,2,1,1,3,1,2,1,2,0,9,2058,<Null>,4150,0,0
417674_1,1,1,55,26,2,0,1,1,0,1,0,0,0,0,0,0,0,1,1,1,2,2,1,2,2,6,2,4,2,1,2,1,15,42,437,11950,11950,2,0.4
417674_2,1,1,55,26,2,0,1,1,0,1,0,0,0,0,0,0,0,1,1,1,2,2,1,2,2,6,2,4,2,1,2,1,15,42,437,11950,11950,1,0.2
417674_3,2,5,25,15,2,0,1,1,0,2,0,0,0,0,0,0,0,1,1,1,2,2,1,2,2,6,2,4,2,1,2,1,15,42,437,<Null>,11950,1,0.2
417674_4,2,5,25,18,2,0,1,1,0,2,0,0,0,0,0,0,0,1,1,1,2,2,1,2,2,6,2,4,2,1,2,1,15,42,437,<Null>,11950,1,0.2
417706_1,1,1,55,24,2,0,1,1,0,1,0,0,0,0,0,0,0,1,1,1,2,2,1,2,2,2,1,4,1,2,1,1,67,39,2278,4150,4150,0,0
417706_2,1,1,55,24,2,0,1,1,0,1,0,0,0,0,0,0,0,1,1,1,2,2,1,2,2,2,1,4,1,2,1,1,67,39,2278,4150,4150,0,0
417706_3,2,5,25,26,2,0,3,1,0,4,0,0,0,0,0,0,0,1,1,1,2,2,1,2,2,2,1,4,1,2,1,1,67,39,2278,<Null>,4150,1,0.2
417706_4,2,4,25,20,2,0,3,1,0,2,0,0,0,0,0,0,0,1,1,1,2,2,1,2,2,2,1,4,1,2,1,1,67,39,2278,<Null>,4150,2,0.4
417751_1,1,1,55,27,2,0,1,1,0,1,0,0,0,0,0,0,0,1,1,1,2,2,1,3,2,5,2,3,1,1,2,2,0,9,437,11950,11950,1,0.2
417751_2,1,1,55,26,2,0,1,1,0,1,0,0,0,0,0,0,0,1,1,1,2,2,1,2,3,5,2,3,1,1,2,2,0,9,437,11950,11950,3,0.6
417751_3,2,5,25,21,2,0,1,1,0,2,0,0,0,0,0,0,0,1,1,1,2,2,1,2,2,5,2,3,1,1,2,2,0,9,437,<Null>,11950,0,0
419971_1,1,1,50,97,6,0,1,2,17,1,1,13,152,-20,0,0,0,1,1,3,2,2,1,2,2,8,2,4,2,1,2,2,0,8,327,30380,30380,3,0.6
419971_2,1,1,50,98,7,0,1,2,6,1,1,12,122,-20,0,0,0,1,1,1,2,2,1,2,2,8,2,4,2,1,2,2,0,8,327,30380,30380,5,1
419971_3,2,5,15,21,2,0,1,1,0,2,0,0,0,0,0,0,0,1,1,3,2,2,1,2,2,8,2,4,2,1,2,2,0,8,327,<Null>,30380,6,1.2
419971_4,2,5,15,22,2,0,1,1,0,2,0,0,0,0,0,0,0,1,1,3,2,2,1,2,2,8,2,4,2,1,2,2,0,8,327,<Null>,30380,3,0.6
430909_1,1,5,70,17,1,0,1,1,0,5,0,0,0,0,0,0,0,1,1,1,2,1,1,3,3,9,1,4,1,1,1,2,0,38,1092,2850,6570,0,0
430909_2,1,5,70,13,1,0,1,1,0,2,0,0,0,0,0,0,0,3,3,1,2,1,1,2,2,9,1,4,1,1,1,2,0,38,1092,1100,6570,0,0
430909_3,2,1,55,25,2,0,1,1,0,1,0,0,0,0,0,0,0,3,3,1,2,2,3,3,2,9,1,4,1,1,1,2,0,38,1092,6570,6570,0,0
430909_4,2,1,55,25,2,0,1,1,0,1,0,0,0,0,0,0,0,1,1,1,2,2,2,2,3,9,1,4,1,1,1,2,0,38,1092,6570,6570,0,0
430933_1,1,1,55,24,2,0,1,1,0,1,0,0,0,0,0,0,0,1,1,1,2,2,1,2,2,6,2,4,2,2,2,1,7,11,352,11490,11490,4,0.8
430933_2,1,1,55,24,2,0,1,1,0,1,0,0,0,0,0,0,0,1,1,1,2,2,1,2,2,6,2,4,2,2,2,1,7,11,352,11490,11490,5,1
430933_3,2,5,25,26,2,0,1,1,0,2,0,0,0,0,0,0,0,1,1,1,2,2,1,2,2,6,2,4,2,2,2,1,7,11,352,<Null>,11490,0,0
430933_4,2,5,25,20,2,0,1,1,0,2,0,0,0,0,0,0,0,1,1,1,2,2,1,2,2,6,2,4,2,2,2,1,7,11,352,<Null>,11490,0,0
431257_1,1,1,55,25,2,0,1,1,0,1,0,0,0,0,0,0,0,3,3,1,2,2,1,3,2,5,2,3,1,2,2,2,0,0,370,11790,11790,4,0.8
431257_2,1,1,55,25,2,0,1,1,0,1,0,0,0,0,0,0,0,1,1,1,2,2,1,2,3,5,2,3,1,2,2,2,0,0,370,11790,11790,1,0.2
431257_3,2,5,25,20,2,0,1,1,0,2,0,0,0,0,0,0,0,1,1,1,2,2,1,2,2,5,2,3,1,2,2,2,0,0,370,<Null>,11790,1,0.2
433173_1,1,1,40,47,4,0,1,1,0,1,0,0,0,0,0,0,0,1,1,4,2,2,1,3,2,3,1,3,1,1,1,2,0,11,460,8080,8080,1,0.2
433173_2,1,1,40,47,4,0,1,1,0,1,0,0,0,0,0,0,0,1,1,1,2,2,1,2,3,3,1,3,1,1,1,2,0,11,460,8080,8080,0,0
433173_3,2,4,25,16,2,0,1,1,0,2,0,0,0,0,0,0,0,1,1,1,2,2,1,2,2,3,1,3,1,1,1,2,0,11,460,<Null>,8080,0,0
433419_1,1,1,40,47,4,0,1,1,0,1,0,0,0,0,0,0,0,1,1,4,2,2,1,2,2,4,1,4,2,1,1,2,0,12,163,8080,8080,1,0.2
433419_2,1,1,40,47,4,0,1,1,0,1,0,0,0,0,0,0,0,1,1,1,2,2,1,2,2,4,1,4,2,1,1,2,0,12,163,8080,8080,1,0.2
433419_3,2,4,25,22,2,0,1,1,0,2,0,0,0,0,0,0,0,1,1,1,2,2,1,2,2,4,1,4,2,1,1,2,0,12,163,<Null>,8080,2,0.4
433419_4,2,4,25,21,2,0,1,1,0,2,0,0,0,0,0,0,0,1,1,1,2,2,1,2,2,4,1,4,2,1,1,2,0,12,163,<Null>,8080,0,0
434791_1,1,1,40,44,4,0,1,1,0,1,0,0,0,0,0,0,0,1,1,1,2,2,1,2,2,4,1,4,2,1,1,1,10,20,430,8080,8080,1,0.2
434791_2,1,1,40,44,4,0,1,1,0,1,0,0,0,0,0,0,0,1,1,1,2,2,1,2,2,4,1,4,2,1,1,1,10,20,430,8080,8080,1,0.2
434791_3,2,4,25,22,2,0,1,1,0,2,0,0,0,0,0,0,0,1,1,1,2,2,1,2,2,4,1,4,2,1,1,1,10,20,430,<Null>,8080,2,0.4
434791_4,2,4,25,20,2,0,1,1,0,2,0,0,0,0,0,0,0,1,1,1,2,2,1,2,2,4,1,4,2,1,1,1,10,20,430,<Null>,8080,0,0
434806_1,1,1,55,25,2,0,1,1,0,1,0,0,0,0,0,0,0,1,1,1,2,2,1,2,2,6,2,4,2,2,2,1,66,15,741,13810,13810,8,1.6
434806_2,1,1,55,25,2,0,1,1,0,1,0,0,0,0,0,0,0,1,1,1,2,2,1,2,2,6,2,4,2,2,2,1,66,15,741,13810,13810,4,0.8
434806_3,2,5,25,25,2,0,1,1,0,2,0,0,0,0,0,0,0,1,1,1,2,2,1,2,2,6,2,4,2,2,2,1,66,15,741,<Null>,13810,1,0.2
434806_4,2,5,25,22,2,0,1,1,0,2,0,0,0,0,0,0,0,1,1,1,2,2,1,2,2,6,2,4,2,2,2,1,66,15,741,<Null>,13810,0,0
435186_1,1,2,70,16,1,0,2,1,0,2,0,0,0,0,0,0,0,1,1,1,2,1,1,3,3,9,1,4,1,1,2,2,0,3,151,2160,7040,0,0
435186_2,1,2,70,16,1,0,2,1,0,5,0,0,0,0,0,0,0,1,1,1,2,1,1,2,2,9,1,4,1,1,2,2,0,3,151,950,7040,0,0
435186_3,2,1,55,36,2,0,1,1,0,1,1,15,135,0,0,0,0,1,1,1,2,2,2,2,3,9,1,4,1,1,2,2,0,3,151,7040,7040,0,0
435186_4,2,1,55,36,2,0,1,3,15,1,0,0,0,0,0,0,0,1,1,1,2,2,3,3,2,9,1,4,1,1,2,2,0,3,151,7040,7040,0,0
435787_1,1,1,40,44,4,0,1,1,0,1,0,0,0,0,0,0,0,1,1,1,2,2,1,2,3,3,1,3,1,1,1,2,0,28,256,9090,9090,1,0.2
435787_2,1,1,40,44,4,0,1,1,0,1,0,0,0,0,0,0,0,1,1,1,2,2,1,3,2,3,1,3,1,1,1,2,0,28,256,9090,9090,0,0
435787_3,2,4,25,24,2,0,1,1,0,2,0,0,0,0,0,0,0,1,1,1,2,2,1,2,2,3,1,3,1,1,1,2,0,28,256,<Null>,9090,0,0
438022_1,1,1,45,48,3,0,1,4,15,1,0,0,0,0,0,0,0,1,1,1,2,2,1,3,2,5,2,3,1,1,2,2,0,17,421,14490,14490,0,0
438022_2,1,1,45,38,2,0,1,4,15,1,0,0,0,0,0,0,0,1,1,1,2,2,1,2,3,5,2,3,1,1,2,2,0,17,421,14490,14490,1,0.2
438022_3,2,5,25,22,2,0,1,1,0,2,0,0,0,0,0,0,0,1,1,1,2,2,1,2,2,5,2,3,1,1,2,2,0,17,421,<Null>,14490,1,0.2
438648_1,1,1,30,38,2,0,1,1,0,1,1,14,102,0,0,0,0,1,1,3,2,2,1,2,2,6,2,4,1,1,1,1,11,3,512,11240,11240,4,0.8
438648_2,1,1,30,40,2,0,1,1,0,1,1,13,71,0,0,0,0,1,1,2,2,2,1,2,2,6,2,4,1,1,1,1,11,3,512,11240,11240,0,0
438648_3,2,4,25,22,2,0,1,1,0,2,0,0,0,0,0,0,0,1,1,2,2,2,1,2,2,6,2,4,1,1,1,1,11,3,512,<Null>,11240,2,0.4
438648_4,2,4,25,24,2,0,1,1,0,1,0,0,0,0,0,0,0,1,1,3,2,1,1,2,2,6,2,4,1,1,1,1,11,3,512,<Null>,11240,0,0
440940_1,1,1,30,34,2,0,1,1,0,1,0,0,0,0,0,0,0,1,1,1,2,2,1,3,2,5,2,3,1,1,1,2,0,0,989,8820,8820,4,0.8
440940_2,1,1,30,31,2,0,1,1,0,1,0,0,0,0,0,0,0,1,1,1,2,2,1,2,3,5,2,3,1,1,1,2,0,0,989,8820,8820,7,1.4
440940_3,2,4,25,27,2,0,1,1,0,2,0,0,0,0,0,0,0,1,1,1,2,2,1,2,2,5,2,3,1,1,1,2,0,0,989,<Null>,8820,3,0.6
441319_1,1,1,45,90,4,0,1,5,21,1,1,13,117,-21,0,0,0,1,1,1,2,2,1,2,2,8,2,4,2,1,1,1,30,41,1646,21800,21800,2,0.4
441319_2,1,1,45,90,4,0,1,2,21,1,1,13,143,-21,1,12,0,3,3,1,2,2,1,2,2,8,2,4,2,1,1,1,30,41,1646,21800,21800,3,0.6
441319_3,2,4,25,30,2,0,1,1,0,2,0,0,0,0,0,0,0,3,3,1,2,2,1,2,2,8,2,4,2,1,1,1,30,41,1646,<Null>,21800,2,0.4
441319_4,2,4,25,26,2,0,1,1,0,2,0,0,0,0,0,0,0,1,1,1,2,2,1,2,2,8,2,4,2,1,1,1,30,41,1646,<Null>,21800,0,0
441502_1,1,1,45,26,2,0,1,1,0,1,0,0,0,0,0,0,0,1,1,1,2,2,1,3,2,1,1,3,1,2,1,2,0,6,1047,7640,7640,1,0.2
441502_2,1,1,45,26,2,0,1,1,0,1,0,0,0,0,0,0,0,1,1,1,2,2,1,2,3,1,1,3,1,2,1,2,0,6,1047,7640,7640,11,2.2
441502_3,2,5,25,22,2,0,1,1,0,2,0,0,0,0,0,0,0,1,1,1,2,2,1,2,2,1,1,3,1,2,1,2,0,6,1047,<Null>,7640,0,0
44398_1,1,1,55,23,2,0,1,1,0,1,0,0,0,0,0,0,0,1,1,1,2,2,1,3,2,5,2,3,6,2,2,2,0,27,217,5180,5180,0,0
44398_2,1,1,55,23,2,0,1,1,0,1,0,0,0,0,0,0,0,1,1,1,2,2,1,2,3,5,2,3,6,2,2,2,0,27,217,5180,5180,1,0.2
44398_3,2,4,25,23,2,0,1,1,0,4,0,0,0,0,0,0,0,1,1,1,2,2,1,3,3,5,2,3,6,2,2,2,0,27,217,<Null>,5180,0,0
444831_1,1,1,45,26,2,0,1,1,0,1,0,0,0,0,0,0,0,1,1,1,2,2,1,2,2,2,1,4,2,1,1,2,0,4,790,6000,6000,1,0.2
444831_2,1,1,45,26,2,0,1,1,0,1,0,0,0,0,0,0,0,1,1,1,2,2,1,2,2,2,1,4,2,1,1,2,0,4,790,6000,6000,4,0.8
444831_3,2,5,25,24,2,0,1,1,0,2,0,0,0,0,0,0,0,1,1,1,2,2,1,2,2,2,1,4,2,1,1,2,0,4,790,<Null>,6000,4,0.8
444831_4,2,5,35,24,2,0,1,1,0,2,0,0,0,0,0,0,0,1,1,1,2,2,1,2,2,2,1,4,2,1,1,2,0,4,790,<Null>,6000,1,0.2
446354_1,1,1,45,100,4,0,1,2,19,1,1,13,181,-18,1,12,0,1,1,1,2,2,1,3,2,7,2,3,1,1,1,2,0,7,173,22320,22320,3,0.6
446354_2,1,1,45,86,4,0,1,5,6,1,2,29,67,-18,0,0,0,1,1,1,2,2,1,2,3,7,2,3,1,1,1,2,0,7,173,22320,22320,9,1.8
446354_3,2,4,35,40,1,0,1,1,0,2,1,12,0,0,1,12,194,1,2,1,2,2,1,2,2,7,2,3,1,1,1,2,0,7,173,2800,22320,12,2.4
446495_1,1,1,45,92,4,0,1,2,22,1,1,13,148,-21,0,0,0,1,1,1,2,2,1,2,2,8,2,4,2,1,2,2,0,26,694,17800,17800,11,2.2
446495_2,1,1,45,92,4,0,1,3,23,1,1,12,55,-21,0,0,0,1,1,1,2,2,1,2,2,8,2,4,2,1,2,2,0,26,694,17800,17800,2,0.4
446495_3,2,5,25,28,2,0,1,1,0,2,0,0,0,0,0,0,0,1,1,1,2,2,1,2,2,8,2,4,2,1,2,2,0,26,694,<Null>,17800,11,2.2
446495_4,2,5,25,24,2,0,1,1,0,2,0,0,0,0,0,0,0,1,1,1,2,2,1,2,2,8,2,4,2,1,2,2,0,26,694,<Null>,17800,5,1
448448_1,1,1,35,96,6,0,1,2,8,1,1,10,124,-9,0,0,0,1,1,1,2,2,1,2,2,8,2,4,2,1,2,2,0,6,585,35700,35700,4,0.8
448448_2,1,1,35,96,6,0,1,2,8,1,1,10,126,-9,0,0,0,1,1,1,2,2,1,2,2,8,2,4,2,1,2,2,0,6,585,35700,35700,4,0.8
448448_3,2,5,25,29,2,0,1,1,0,2,0,0,0,0,0,0,0,1,1,2,2,2,1,2,2,8,2,4,2,1,2,2,0,6,585,<Null>,35700,0,0
448448_4,2,5,25,21,2,0,1,1,0,2,0,0,0,0,0,0,0,1,1,2,2,2,1,2,2,8,2,4,2,1,2,2,0,6,585,<Null>,35700,2,0.4
448539_1,1,1,35,112,6,0,1,2,40,1,0,0,0,0,0,0,0,1,1,2,2,2,1,2,3,7,2,3,1,1,2,2,0,3,477,35700,35700,0,0
448539_2,1,1,35,105,6,0,1,2,40,1,0,0,0,0,0,0,0,1,1,2,2,2,1,3,2,7,2,3,1,1,2,2,0,3,477,35700,35700,3,0.6
448539_3,2,5,25,28,2,0,1,1,0,2,0,0,0,0,0,0,0,1,1,2,2,2,1,2,2,7,2,3,1,1,2,2,0,3,477,<Null>,35700,3,0.6
449954_1,1,1,35,100,6,0,1,5,17,1,0,0,0,0,0,0,0,1,1,1,2,2,1,2,3,7,2,3,1,1,2,2,0,1,364,39600,39600,4,0.8
449954_2,1,1,35,100,6,0,1,2,10,1,1,11,0,0,0,0,0,1,1,1,2,2,1,3,2,7,2,3,1,1,2,2,0,1,364,39600,39600,10,2
449954_3,2,5,25,27,2,0,1,1,0,2,0,0,0,0,0,0,0,1,1,1,2,2,1,2,2,7,2,3,1,1,2,2,0,1,364,<Null>,39600,1,0.2
453013_1,1,1,65,121,4,0,1,2,50,1,1,15,105,-43,0,0,0,1,1,1,2,2,1,2,3,3,1,3,1,2,1,2,0,22,1493,14200,14200,0,0
453013_2,1,1,65,121,4,0,1,2,49,1,1,16,109,-43,0,0,0,1,1,1,2,2,1,3,2,3,1,3,1,2,1,2,0,22,1493,14200,14200,0,0
453013_3,2,5,35,22,2,0,1,1,0,2,0,0,0,0,0,0,0,1,1,1,2,2,1,2,2,3,1,3,1,2,1,2,0,22,1493,<Null>,14200,0,0
453035_1,1,1,55,150,5,0,1,2,52,1,1,13,294,0,0,0,0,1,1,1,2,2,1,2,3,3,1,3,1,2,2,2,0,5,2409,12810,12810,0,0
453035_2,1,1,55,165,5,0,1,2,65,1,0,0,0,0,1,14,280,2,3,1,2,2,1,3,2,3,1,3,1,2,2,2,0,5,2409,12810,12810,0,0
453035_3,2,3,45,22,2,0,1,1,0,2,0,0,0,0,0,0,0,2,3,1,2,2,1,2,2,3,1,3,1,2,2,2,0,5,2409,<Null>,12810,1,0.2
453336_1,1,1,40,60,4,0,1,4,14,1,0,0,0,0,0,0,0,1,1,1,2,2,1,2,3,7,2,3,1,1,2,2,0,4,300,17410,17410,0,0
453336_2,1,1,40,60,4,0,1,4,14,1,0,0,0,0,0,0,0,1,1,1,2,2,1,3,2,7,2,3,1,1,2,2,0,4,300,17410,17410,0,0
453336_3,2,5,25,20,2,0,1,1,0,2,0,0,0,0,0,0,0,1,1,1,2,2,1,2,2,7,2,3,1,1,2,2,0,4,300,<Null>,17410,0,0
456861_1,1,1,55,25,2,0,1,1,0,1,0,0,0,0,0,0,0,3,1,1,2,2,1,2,2,2,1,4,2,2,1,2,0,20,160,1930,1930,0,0
456861_2,1,1,55,23,2,0,1,1,0,1,0,0,0,0,0,0,0,3,3,1,2,2,1,2,2,2,1,4,2,2,1,2,0,20,160,1930,1930,0,0
456861_3,2,4,45,26,2,0,1,1,0,2,0,0,0,0,0,0,0,3,3,1,2,2,1,2,2,2,1,4,2,2,1,2,0,20,160,490,1930,1,0.2
456861_4,2,3,45,26,2,0,1,1,0,2,0,0,0,0,0,0,0,3,3,1,2,2,1,2,2,2,1,4,2,2,1,2,0,20,160,490,1930,0,0
457337_1,1,1,65,89,4,0,1,3,17,1,1,14,268,-20,0,0,0,2,3,1,2,2,1,2,2,4,1,4,2,2,1,2,0,17,4366,15290,15290,0,0
457337_2,1,1,65,102,4,0,1,3,15,1,1,15,299,-20,1,15,187,2,3,1,2,2,1,2,2,4,1,4,2,2,1,2,0,17,4366,15290,15290,0,0
457337_3,2,5,45,24,2,0,1,1,0,2,0,0,0,0,0,0,0,1,1,1,2,2,1,2,2,4,1,4,2,2,1,2,0,17,4366,<Null>,15290,0,0
457337_4,2,5,45,21,2,0,1,1,0,2,0,0,0,0,0,0,0,1,1,1,2,2,1,2,2,4,1,4,2,2,1,2,0,17,4366,308,15290,0,0
457823_1,1,1,55,26,2,0,1,1,0,1,0,0,0,0,0,0,0,1,1,1,2,2,1,2,3,5,2,3,1,2,2,2,0,2,1189,12260,12260,0,0
457823_2,1,1,55,26,2,0,1,1,0,1,0,0,0,0,0,0,0,1,1,1,2,2,1,3,2,5,2,3,1,2,2,2,0,2,1189,12260,12260,0,0
457823_3,2,5,25,24,2,0,1,1,0,2,0,0,0,0,0,0,0,1,1,1,2,2,1,2,2,5,2,3,1,2,2,2,0,2,1189,<Null>,12260,0,0
459189_1,1,1,65,80,4,0,1,2,16,1,1,14,211,0,0,0,0,1,1,1,2,2,1,2,3,3,1,3,1,2,2,2,0,38,221,14450,14450,3,0.6
459189_2,1,1,65,93,4,0,1,2,27,1,0,0,0,0,1,12,271,1,1,1,2,2,1,3,2,3,1,3,1,2,2,2,0,38,221,14450,14450,2,0.4
459189_3,2,1,55,26,2,0,1,1,0,2,0,0,0,0,0,0,0,1,1,1,2,2,1,2,2,3,1,3,1,2,2,2,0,38,221,970,14450,0,0
460289_1,1,1,35,36,2,0,1,4,14,1,0,0,0,0,0,0,0,1,1,1,2,2,1,2,3,5,2,3,1,2,2,2,0,2,152,12400,12400,1,0.2
460289_2,1,1,35,37,2,0,1,4,15,1,0,0,0,0,0,0,0,1,1,1,2,2,1,3,2,5,2,3,1,2,2,2,0,2,152,12400,12400,0,0
460289_3,2,5,25,23,2,0,1,1,0,2,0,0,0,0,0,0,0,1,1,1,2,2,1,2,1,5,2,3,1,2,2,2,0,2,152,<Null>,12400,0,0
461942_1,1,1,55,25,2,0,1,1,0,1,0,0,0,0,0,0,0,1,1,1,2,2,1,2,2,2,1,4,2,2,2,2,0,26,1224,1250,1250,0,0
461942_2,1,1,55,24,2,0,1,1,0,1,0,0,0,0,0,0,0,1,1,1,2,2,1,1,2,2,1,4,2,2,2,2,0,26,1224,1250,1250,1,0.2
461942_3,2,3,35,20,2,0,1,1,0,2,0,0,0,0,0,0,0,1,1,1,2,2,1,2,2,2,1,4,2,2,2,2,0,26,1224,<Null>,1250,1,0.2
461942_4,2,3,35,20,2,0,1,1,0,2,0,0,0,0,0,0,0,1,1,1,2,2,1,2,2,2,1,4,2,2,2,2,0,26,1224,<Null>,1250,0,0
462264_1,1,1,25,46,4,0,1,1,0,1,0,0,0,0,0,0,0,1,1,1,2,2,1,2,2,8,2,4,2,1,2,1,10,3,118,25860,25860,1,0.2
462264_2,1,1,25,45,4,0,1,1,0,1,0,0,0,0,0,0,0,1,1,1,2,2,1,2,2,8,2,4,2,1,2,1,10,3,118,25860,25860,2,0.4
462264_3,2,5,25,44,2,0,1,5,19,2,0,0,0,0,0,0,0,1,1,3,2,2,1,2,1,8,2,4,2,1,2,1,10,3,118,<Null>,25860,0,0
462264_4,2,5,25,28,2,0,1,1,0,2,0,0,0,0,0,0,0,1,1,1,2,2,1,2,2,8,2,4,2,1,2,1,10,3,118,<Null>,25860,0,0
462286_1,1,1,25,46,4,0,1,1,0,1,0,0,0,0,0,0,0,1,1,1,2,2,1,3,2,7,2,3,1,1,2,2,0,1,36,25860,25860,3,0.6
462286_2,1,1,25,45,4,0,1,1,0,1,0,0,0,0,0,0,0,1,1,1,2,2,1,2,3,7,2,3,1,1,2,2,0,1,36,25860,25860,4,0.8
462286_3,2,5,25,20,2,0,1,1,0,2,0,0,0,0,0,0,0,1,1,3,2,2,1,1,1,7,2,3,1,1,2,2,0,1,36,<Null>,25860,1,0.2
464751_1,1,1,65,125,4,0,1,2,53,1,1,15,190,-52,1,15,198,2,3,1,2,2,1,2,2,4,1,4,2,2,2,2,0,20,3687,9460,9460,0,0
464751_2,1,1,65,125,4,0,1,2,52,1,1,15,210,-52,1,15,203,2,3,1,2,2,1,2,2,4,1,4,2,2,2,2,0,20,3687,9460,9460,0,0
464751_3,2,3,35,25,2,0,1,1,0,2,0,0,0,0,0,0,0,3,3,1,2,2,1,2,2,4,1,4,2,2,2,2,0,20,3687,<Null>,9460,0,0
464751_4,2,3,35,22,2,0,1,1,0,2,0,0,0,0,0,0,0,3,3,1,2,2,1,2,2,4,1,4,2,2,2,2,0,20,3687,<Null>,9460,0,0
464831_1,1,1,45,24,2,0,1,1,0,1,0,0,0,0,0,0,0,1,1,1,2,2,1,2,2,6,2,4,2,1,2,2,0,5,3191,5440,5440,0,0
464831_2,1,1,45,24,2,0,1,1,0,1,0,0,0,0,0,0,0,1,1,1,2,2,1,2,2,6,2,4,2,1,2,2,0,5,3191,5440,5440,1,0.2
464831_3,2,3,30,24,2,0,1,1,0,2,0,0,0,0,0,0,0,1,1,1,2,2,1,2,2,6,2,4,2,1,2,2,0,5,3191,3220,5440,2,0.4
464831_4,2,3,30,20,2,0,1,1,0,2,0,0,0,0,0,0,0,1,1,1,2,2,1,2,1,6,2,4,2,1,2,2,0,5,3191,1490,5440,0,0
465083_1,1,1,55,63,4,0,1,1,0,1,1,16,245,0,0,0,0,1,1,1,2,2,1,2,2,4,1,4,2,1,2,2,0,17,1387,9130,9130,0,0
465083_2,1,1,55,66,4,0,1,5,6,1,1,12,196,0,0,0,0,1,1,1,2,2,1,2,2,4,1,4,2,1,2,2,0,17,1387,9130,9130,0,0
465083_3,2,5,25,24,2,0,1,1,0,2,0,0,0,0,0,0,0,1,1,1,2,2,1,2,2,4,1,4,2,1,2,2,0,17,1387,<Null>,9130,1,0.2
465083_4,2,5,25,24,2,0,1,1,0,2,0,0,0,0,0,0,0,1,1,1,2,2,1,2,2,4,1,4,2,1,2,2,0,17,1387,<Null>,9130,0,0
468339_1,1,1,45,40,2,1,1,1,0,1,0,0,0,0,0,0,0,1,1,1,2,2,1,3,2,1,1,3,1,1,2,2,0,21,372,4400,4400,0,0
468339_2,1,1,45,24,2,0,1,1,0,1,0,0,0,0,0,0,0,1,1,1,2,2,1,2,3,1,1,3,1,1,2,2,0,21,372,4400,4400,0,0
468339_3,2,5,25,26,2,0,1,1,0,2,0,0,0,0,0,0,0,2,3,1,2,2,1,2,2,1,1,3,1,1,2,2,0,21,372,<Null>,4400,0,0
470039_1,1,1,55,103,4,0,1,2,40,1,1,14,282,-41,0,0,0,2,3,1,2,2,1,3,2,3,1,3,1,1,2,2,0,4,1016,9130,9130,0,0
470039_2,1,1,55,105,4,0,1,2,48,1,1,12,210,-41,0,0,0,1,1,1,2,2,1,1,3,3,1,3,1,1,2,2,0,4,1016,9130,9130,2,0.4
470039_3,2,5,35,25,2,0,1,1,0,2,0,0,0,0,0,0,0,2,3,1,2,2,1,2,2,3,1,3,1,1,2,2,0,4,1016,308,9130,0,0
474346_1,1,1,55,26,2,0,1,1,0,1,0,0,0,0,0,0,0,1,1,1,2,2,1,2,3,1,1,3,1,2,2,2,0,2,368,3260,3260,0,0
474346_2,1,1,55,25,2,0,1,1,0,1,0,0,0,0,0,0,0,1,1,1,2,2,1,3,2,1,1,3,1,2,2,2,0,2,368,3260,3260,0,0
474346_3,2,5,25,18,2,0,1,1,0,2,0,0,0,0,0,0,0,1,1,1,2,2,1,1,2,1,1,3,1,2,2,2,0,2,368,<Null>,3260,0,0
478993_1,1,1,35,62,4,0,1,1,0,1,0,0,0,0,0,0,0,1,1,1,2,2,1,2,2,4,1,4,2,1,2,2,0,3,57,9820,9820,0,0
478993_2,1,1,35,62,4,0,1,1,0,1,0,0,0,0,0,0,0,1,1,1,2,2,1,2,2,4,1,4,2,1,2,2,0,3,57,9820,9820,0,0
478993_3,2,5,25,20,2,0,1,1,0,2,0,0,0,0,0,0,0,1,1,3,2,2,1,2,2,4,1,4,2,1,2,2,0,3,57,<Null>,9820,1,0.2
478993_4,2,5,25,22,2,0,1,1,0,2,0,0,0,0,0,0,0,1,1,3,2,2,1,2,1,4,1,4,2,1,2,2,0,3,57,<Null>,9820,2,0.4
482675_1,1,1,45,62,4,0,1,4,14,1,0,0,0,0,0,0,0,1,1,1,2,2,1,3,2,3,1,3,1,1,2,2,0,9,40,15040,15040,4,0.8
482675_2,1,1,45,62,4,0,1,4,14,1,0,0,0,0,0,0,0,1,1,1,2,2,1,2,3,3,1,3,1,1,2,2,0,9,40,15040,15040,0,0
482675_3,2,5,25,22,2,0,1,1,0,2,0,0,0,0,0,0,0,1,1,1,2,2,1,2,2,3,1,3,1,1,2,2,0,9,40,<Null>,15040,0,0
482726_1,1,1,40,38,2,0,1,1,0,1,0,0,0,0,0,0,0,1,1,1,2,2,1,3,2,1,1,3,1,1,2,2,0,56,98,5630,5630,0,0
482726_2,1,1,40,26,2,0,1,1,0,1,0,0,0,0,0,0,0,1,1,1,2,2,1,2,3,1,1,3,1,1,2,2,0,56,98,5630,5630,0,0
482726_3,2,5,30,28,2,0,1,1,0,2,0,0,0,0,0,0,0,1,1,1,2,2,1,2,2,1,1,3,1,1,2,2,0,56,98,2230,5630,1,0.2
482747_1,1,1,50,104,4,0,1,2,31,1,0,0,0,0,1,14,311,2,3,1,2,2,1,3,2,7,2,3,1,1,2,2,0,2,512,18460,18460,3,0.6
482747_2,1,1,50,90,4,0,1,2,17,1,1,14,160,0,0,0,0,1,1,1,2,2,1,2,3,7,2,3,1,1,2,2,0,2,512,18460,18460,3,0.6
482747_3,2,1,55,25,2,0,1,1,0,2,0,0,0,0,0,0,0,2,2,1,2,2,1,2,2,7,2,3,1,1,2,2,0,2,512,3240,18460,8,1.6
483453_1,1,1,40,36,2,0,1,1,0,1,0,0,0,0,0,0,0,1,1,1,2,2,1,2,2,2,1,4,2,1,2,2,0,28,143,2490,2490,0,0
483453_2,1,1,40,28,2,0,1,1,0,1,0,0,0,0,0,0,0,1,1,1,2,2,1,2,2,2,1,4,2,1,2,2,0,28,143,2490,2490,0,0
483453_3,2,5,25,20,2,0,1,1,0,2,0,0,0,0,0,0,0,1,1,1,2,2,1,2,2,2,1,4,2,1,2,2,0,28,143,<Null>,2490,0,0
483453_4,2,5,25,22,2,0,1,1,0,2,0,0,0,0,0,0,0,1,1,1,2,2,1,2,2,2,1,4,2,1,2,2,0,28,143,<Null>,2490,0,0
483716_1,1,1,25,22,2,0,1,1,0,1,0,0,0,0,0,0,0,1,1,1,2,2,1,3,2,5,2,3,1,1,2,2,0,9,115,1360,1360,0,0
483716_2,1,1,25,24,2,0,1,1,0,1,0,0,0,0,0,0,0,1,1,1,2,2,1,2,3,5,2,3,1,1,2,2,0,9,115,1360,1360,0,0
483716_3,2,5,20,25,2,0,1,1,0,2,0,0,0,0,0,0,0,1,1,3,2,2,1,2,2,5,2,3,1,1,2,2,0,9,115,<Null>,1360,0,0
484561_1,1,1,25,25,2,0,1,1,0,1,0,0,0,0,0,0,0,1,1,1,2,2,1,2,2,6,2,4,2,1,2,2,0,35,221,10280,10280,0,0
484561_2,1,1,25,30,2,0,1,1,0,1,0,0,0,0,0,0,0,1,1,1,2,2,1,2,2,6,2,4,2,1,2,2,0,35,221,10280,10280,0,0
484561_3,2,5,25,25,2,0,1,1,0,2,0,0,0,0,0,0,0,1,1,3,2,2,1,2,2,6,2,4,2,1,2,2,0,35,221,<Null>,10280,2,0.4
484561_4,2,5,25,40,2,0,1,1,0,2,0,0,0,0,0,0,0,1,1,3,2,2,1,1,1,6,2,4,2,1,2,2,0,35,221,<Null>,10280,4,0.8
484583_1,1,1,55,24,2,0,1,1,0,1,0,0,0,0,0,0,0,1,1,1,2,2,1,2,2,2,1,4,2,2,1,2,0,16,2766,2320,2320,3,0.6
484583_2,1,1,55,24,2,0,1,1,0,1,0,0,0,0,0,0,0,1,1,1,2,2,1,2,2,2,1,4,2,2,1,2,0,16,2766,2320,2320,0,0
484583_3,2,3,30,25,2,0,1,1,0,2,0,0,0,0,0,0,0,3,3,1,2,2,1,2,2,2,1,4,2,2,1,2,0,16,2766,<Null>,2320,2,0.4
484583_4,2,3,30,22,2,0,1,1,0,2,0,0,0,0,0,0,0,1,1,1,2,2,1,2,2,2,1,4,2,2,1,2,0,16,2766,<Null>,2320,0,0
484588_1,1,5,70,18,1,0,2,1,0,2,0,0,0,0,0,0,0,1,1,1,2,1,1,2,2,9,1,4,1,2,2,2,0,11,154,580,3090,0,0
484588_2,1,5,70,18,1,0,2,1,0,5,0,0,0,0,0,0,0,1,1,1,2,1,1,3,3,9,1,4,1,2,2,2,0,11,154,1260,3090,0,0
484588_3,2,1,50,24,2,0,1,1,0,1,0,0,0,0,0,0,0,1,1,1,2,2,3,3,2,9,1,4,1,2,2,2,0,11,154,3090,3090,0,0
484588_4,2,1,50,24,2,0,1,1,0,1,0,0,0,0,0,0,0,1,1,1,2,2,2,2,3,9,1,4,1,2,2,2,0,11,154,3090,3090,0,0
485178_1,1,1,50,90,4,0,1,2,13,1,1,13,157,-20,0,0,0,1,1,1,2,2,1,2,2,8,2,4,2,1,2,1,15,27,1038,17210,17210,1,0.2
485178_2,1,1,50,103,4,0,1,2,17,1,1,13,96,-20,1,13,93,1,1,1,2,2,1,2,2,8,2,4,2,1,2,1,15,27,1038,17210,17210,2,0.4
485178_3,2,5,25,22,2,0,1,1,0,2,0,0,0,0,0,0,0,1,1,1,2,2,1,2,2,8,2,4,2,1,2,1,15,27,1038,<Null>,17210,9,1.8
485178_4,2,5,25,24,2,0,1,1,0,2,0,0,0,0,0,0,0,1,1,1,2,2,1,2,2,8,2,4,2,1,2,1,15,27,1038,<Null>,17210,4,0.8
485954_1,1,1,45,105,4,0,1,2,30,1,1,14,158,-39,0,0,0,1,1,1,2,2,1,2,2,8,2,4,2,1,2,1,12,28,255,13080,13080,0,0
485954_2,1,1,45,105,4,0,1,2,35,1,1,14,198,-39,1,15,90,3,1,1,2,2,1,2,2,8,2,4,2,1,2,1,12,28,255,13080,13080,1,0.2
485954_3,2,5,25,26,2,0,1,1,0,2,0,0,0,0,0,0,0,1,1,1,2,2,1,2,2,8,2,4,2,1,2,1,12,28,255,<Null>,13080,3,0.6
485954_4,2,5,25,23,2,0,1,1,0,2,0,0,0,0,0,0,0,1,1,1,2,2,1,2,2,8,2,4,2,1,2,1,12,28,255,<Null>,13080,0,0
487528_1,1,1,45,91,4,0,1,2,21,1,1,14,127,0,0,0,0,1,1,1,2,2,1,2,3,7,2,3,1,1,2,2,0,3,445,17800,17800,3,0.6
487528_2,1,1,45,91,4,0,1,2,36,1,0,0,0,0,0,0,0,1,1,1,2,2,1,3,2,7,2,3,1,1,2,2,0,3,445,17800,17800,1,0.2
487528_3,2,5,25,30,2,0,1,1,0,2,0,0,0,0,0,0,0,1,1,1,2,2,1,2,2,7,2,3,1,1,2,2,0,3,445,<Null>,17800,4,0.8
487795_1,1,1,55,24,2,0,1,1,0,1,0,0,0,0,0,0,0,1,1,1,2,2,1,3,2,1,1,3,1,2,1,2,0,3,3241,1730,1730,0,0
487795_2,1,1,55,24,2,0,1,1,0,1,0,0,0,0,0,0,0,1,1,1,2,2,1,1,3,1,1,3,1,2,1,2,0,3,3241,1730,1730,0,0
487795_3,2,4,25,25,2,0,3,1,0,2,0,0,0,0,0,0,0,1,1,1,2,2,1,2,2,1,1,3,1,2,1,2,0,3,3241,<Null>,1730,0,0
488555_1,1,1,50,93,4,0,1,2,39,1,0,0,0,0,0,0,0,1,1,1,2,2,1,3,2,3,1,3,1,1,2,2,0,10,724,7290,7290,0,0
488555_2,1,1,50,93,4,0,1,2,38,1,0,0,0,0,0,0,0,1,1,1,2,2,1,2,3,3,1,3,1,1,2,2,0,10,724,7290,7290,1,0.2
488555_3,2,5,25,24,2,0,1,1,0,2,0,0,0,0,0,0,0,1,1,1,2,2,1,2,2,3,1,3,1,1,2,2,0,10,724,<Null>,7290,0,0
488791_1,1,1,45,24,2,0,1,1,0,1,0,0,0,0,0,0,0,1,1,1,2,2,1,3,2,1,1,3,1,2,2,2,0,0,254,5960,5960,0,0
488791_2,1,1,45,24,2,0,1,1,0,1,0,0,0,0,0,0,0,1,1,1,2,2,1,2,3,1,1,3,1,2,2,2,0,0,254,5960,5960,1,0.2
488791_3,2,5,25,20,2,0,1,1,0,2,0,0,0,0,0,0,0,1,1,1,2,2,1,2,2,1,1,3,1,2,2,2,0,0,254,<Null>,5960,0,0
488828_1,1,1,45,25,2,0,1,1,0,1,0,0,0,0,0,0,0,1,1,1,2,2,1,2,2,2,1,4,2,1,2,1,29,31,475,5960,5960,0,0
488828_2,1,1,45,26,2,0,1,1,0,1,0,0,0,0,0,0,0,1,1,1,2,2,1,2,2,2,1,4,2,1,2,1,29,31,475,5960,5960,0,0
488828_3,2,5,30,32,2,0,1,1,0,2,0,0,0,0,0,0,0,1,1,1,2,2,1,2,2,2,1,4,2,1,2,1,29,31,475,<Null>,5960,0,0
488828_4,2,5,30,22,2,0,1,1,0,2,0,0,0,0,0,0,0,1,1,1,2,2,1,2,2,2,1,4,2,1,2,1,29,31,475,<Null>,5960,1,0.2
489527_1,1,1,50,92,4,0,1,2,22,1,1,15,73,-20,0,0,0,1,1,1,2,2,1,2,2,4,1,4,2,1,2,2,0,5,501,8200,8200,1,0.2
489527_2,1,1,50,92,4,0,1,2,22,1,1,14,87,-20,0,0,0,1,1,1,2,2,1,2,2,4,1,4,2,1,2,2,0,5,501,8200,8200,0,0
489527_3,2,5,25,26,2,0,1,1,0,2,0,0,0,0,0,0,0,1,1,1,2,2,1,2,2,4,1,4,2,1,2,2,0,5,501,<Null>,8200,0,0
489527_4,2,5,25,22,2,0,1,1,0,2,0,0,0,0,0,0,0,1,1,1,2,2,1,2,2,4,1,4,2,1,2,2,0,5,501,<Null>,8200,0,0
489667_1,1,1,50,176,4,0,1,2,106,1,1,14,218,-89,0,0,0,1,1,1,2,2,1,2,2,4,1,4,2,2,1,1,150,36,2510,16240,16240,0,0
489667_2,1,1,50,176,4,0,1,2,106,1,1,13,227,-89,0,0,0,1,1,1,2,2,1,2,2,4,1,4,2,2,1,1,150,36,2510,16240,16240,1,0.2
489667_3,2,5,45,23,2,0,1,1,0,2,0,0,0,0,0,0,0,3,3,1,2,2,1,2,2,4,1,4,2,2,1,1,150,36,2510,930,16240,0,0
489667_4,2,3,45,23,2,0,1,1,0,2,0,0,0,0,0,0,0,3,3,1,2,2,1,2,2,4,1,4,2,2,1,1,150,36,2510,930,16240,0,0
491705_1,1,1,50,132,4,0,1,2,76,1,0,0,0,0,0,0,0,1,1,1,2,2,1,3,2,3,1,3,1,2,1,2,0,1,928,16240,16240,0,0
491705_2,1,1,50,131,4,0,1,2,59,1,1,14,189,0,0,0,0,1,1,1,2,2,1,2,3,3,1,3,1,2,1,2,0,1,928,16240,16240,0,0
491705_3,2,5,25,25,2,0,1,1,0,2,0,0,0,0,0,0,0,1,1,1,2,2,1,2,2,3,1,3,1,2,1,2,0,1,928,<Null>,16240,0,0
497266_1,1,1,45,36,2,0,1,1,0,1,1,15,121,0,0,0,0,1,1,1,2,2,1,1,3,5,2,3,1,2,2,2,0,1,685,7370,7370,1,0.2
497266_2,1,1,45,36,2,0,1,4,14,1,0,0,0,0,0,0,0,1,1,1,2,2,1,3,2,5,2,3,1,2,2,2,0,1,685,7370,7370,1,0.2
497266_3,2,5,25,26,2,0,1,1,0,2,0,0,0,0,0,0,0,1,1,2,2,2,1,2,1,5,2,3,1,2,2,2,0,1,685,<Null>,7370,0,0
497317_1,1,1,45,36,2,0,1,4,15,1,0,0,0,0,0,0,0,1,1,1,2,2,1,2,2,6,2,4,2,2,2,1,34,23,453,7370,7370,0,0
497317_2,1,1,45,38,2,0,1,4,18,1,0,0,0,0,0,0,0,1,1,1,2,2,1,2,2,6,2,4,2,2,2,1,34,23,453,7370,7370,0,0
497317_3,2,5,25,30,2,0,1,1,0,2,0,0,0,0,0,0,0,1,1,2,2,2,1,2,1,6,2,4,2,2,2,1,34,23,453,40,7370,0,0
497317_4,2,5,25,35,2,0,1,1,0,2,0,0,0,0,0,0,0,1,1,1,2,2,1,2,2,6,2,4,2,2,2,1,34,23,453,40,7370,0,0
497341_1,1,1,55,62,4,0,1,1,0,1,0,0,103,0,1,14,0,1,1,1,2,2,1,3,2,7,2,3,1,1,2,2,0,5,0,16140,16140,2,0.4
497341_2,1,1,55,50,4,0,1,1,0,1,0,0,0,0,0,0,0,1,1,1,2,2,1,2,3,7,2,3,1,1,2,2,0,5,0,16140,16140,20,4
497341_3,2,5,25,53,2,0,1,5,20,2,0,0,0,0,0,0,0,1,1,1,2,2,1,2,2,7,2,3,1,1,2,2,0,5,0,<Null>,16140,4,0.8
501786_1,1,1,55,25,2,0,1,1,0,1,0,0,0,0,0,0,0,1,1,1,2,2,1,2,2,2,1,4,2,2,1,2,0,13,713,4220,4220,1,0.2
501786_2,1,1,55,25,2,0,1,1,0,1,0,0,0,0,0,0,0,1,1,1,2,2,1,2,2,2,1,4,2,2,1,2,0,13,713,4220,4220,1,0.2
501786_3,2,3,25,22,2,0,1,1,0,2,0,0,0,0,0,0,0,1,1,1,2,2,1,2,2,2,1,4,2,2,1,2,0,13,713,<Null>,4220,0,0
501786_4,2,3,25,22,2,0,1,1,0,2,0,0,0,0,0,0,0,1,1,1,2,2,1,2,2,2,1,4,2,2,1,2,0,13,713,<Null>,4220,0,0
502001_1,1,1,25,28,2,0,1,1,0,1,0,0,0,0,0,0,0,1,1,1,2,2,1,2,2,2,1,4,2,2,2,1,15,1,466,3100,3100,0,0
502001_2,1,1,25,28,2,0,1,1,0,1,0,0,0,0,0,0,0,1,1,1,2,2,1,1,2,2,1,4,2,2,2,1,15,1,466,3100,3100,0,0
502001_3,2,5,25,22,2,0,1,1,0,2,0,0,0,0,0,0,0,1,1,2,2,2,1,2,2,2,1,4,2,2,2,1,15,1,466,<Null>,3100,0,0
502001_4,2,5,25,22,2,0,1,1,0,2,0,0,0,0,0,0,0,1,1,2,2,2,1,2,2,2,1,4,2,2,2,1,15,1,466,<Null>,3100,0,0
502194_1,1,1,45,144,4,0,1,2,52,1,2,26,162,-57,1,10,293,1,1,1,2,2,1,2,3,7,2,3,1,1,1,2,0,24,540,41850,41850,3,0.6
502194_2,1,1,45,128,4,0,1,2,33,1,1,13,102,-57,1,11,347,1,1,1,2,2,1,3,2,7,2,3,1,1,1,2,0,24,540,41850,41850,3,0.6
502194_3,2,5,25,30,2,0,1,1,0,2,0,0,0,0,0,0,0,1,1,1,2,2,1,2,2,7,2,3,1,1,1,2,0,24,540,<Null>,41850,6,1.2
503562_1,1,1,40,62,4,0,1,1,0,1,1,13,50,0,0,0,0,1,1,1,2,2,1,2,2,8,2,4,2,1,1,1,21,2,364,26850,26850,4,0.8
503562_2,1,1,40,62,4,0,1,1,0,1,1,13,64,0,0,0,0,1,1,1,2,2,1,2,2,8,2,4,2,1,1,1,21,2,364,26850,26850,1,0.2
503562_3,2,5,25,32,2,0,1,1,0,2,0,0,0,0,0,0,0,1,1,1,2,2,1,2,2,8,2,4,2,1,1,1,21,2,364,<Null>,26850,0,0
503562_4,2,5,25,26,2,0,1,1,0,2,0,0,0,0,0,0,0,1,1,1,2,2,1,2,2,8,2,4,2,1,1,1,21,2,364,<Null>,26850,2,0.4
504052_1,1,1,40,42,2,0,1,1,0,1,1,14,103,0,0,0,0,1,1,1,2,2,1,2,3,5,2,3,1,1,1,2,0,1,277,4550,4550,0,0
504052_2,1,1,40,42,2,0,1,4,14,1,0,0,0,0,0,0,0,1,1,1,2,2,1,3,2,5,2,3,1,1,1,2,0,1,277,4550,4550,0,0
504052_3,2,5,30,32,2,0,1,1,0,2,0,0,0,0,0,0,0,1,1,1,2,2,1,2,2,5,2,3,1,1,1,2,0,1,277,590,4550,1,0.2
504053_1,1,1,40,41,2,0,1,1,0,1,1,14,105,0,0,0,0,1,1,1,2,2,1,2,3,5,2,3,1,1,1,2,0,1,547,4550,4550,0,0
504053_2,1,1,40,41,2,0,1,4,14,1,0,0,0,0,0,0,0,1,1,1,2,2,1,3,2,5,2,3,1,1,1,2,0,1,547,4550,4550,0,0
504053_3,2,5,25,32,2,0,1,1,0,2,0,0,0,0,0,0,0,1,1,1,2,2,1,2,1,5,2,3,1,1,1,2,0,1,547,<Null>,4550,0,0
504129_1,1,1,55,26,2,0,1,1,0,1,0,0,0,0,0,0,0,1,1,1,2,2,1,2,3,1,1,3,1,2,1,2,0,0,460,4090,4090,0,0
504129_2,1,1,55,26,2,0,1,1,0,1,0,0,0,0,0,0,0,1,1,1,2,2,1,3,2,1,1,3,1,2,1,2,0,0,460,4090,4090,0,0
504129_3,2,5,20,28,2,0,1,1,0,2,0,0,0,0,0,0,0,1,1,1,2,2,1,2,1,1,1,3,1,2,1,2,0,0,460,<Null>,4090,0,0
504162_1,1,1,55,26,2,0,1,1,0,1,0,0,0,0,0,0,0,1,1,1,2,2,1,2,2,2,1,4,2,2,2,2,0,4,1069,990,990,0,0
504162_2,1,1,55,26,2,0,1,1,0,1,0,0,0,0,0,0,0,1,1,1,2,2,1,2,2,2,1,4,2,2,2,2,0,4,1069,990,990,0,0
504162_3,2,5,25,25,2,0,3,1,0,2,0,0,0,0,0,0,0,1,1,1,2,2,1,2,2,2,1,4,2,2,2,2,0,4,1069,<Null>,990,0,0
504162_4,2,5,25,26,2,0,3,1,0,2,0,0,0,0,0,0,0,1,1,1,2,2,1,2,2,2,1,4,2,2,2,2,0,4,1069,<Null>,990,0,0
505928_1,1,1,65,116,4,0,1,2,42,1,1,13,107,-44,1,14,150,1,1,1,2,2,1,2,2,4,1,4,2,2,1,2,0,45,2901,14640,14640,2,0.4
505928_2,1,1,65,116,4,0,1,2,45,1,1,13,110,-44,1,14,166,1,1,1,2,2,1,2,2,4,1,4,2,2,1,2,0,45,2901,14640,14640,2,0.4
505928_3,2,5,45,25,2,0,1,1,0,2,0,0,0,0,0,0,0,1,1,1,2,2,1,2,2,4,1,4,2,2,1,2,0,45,2901,680,14640,1,0.2
505928_4,2,5,45,24,2,0,1,1,0,2,0,0,0,0,0,0,0,1,1,1,2,2,1,2,2,4,1,4,2,2,1,2,0,45,2901,670,14640,1,0.2
505968_1,1,1,65,126,4,0,1,2,53,1,0,0,0,0,0,0,0,1,1,1,2,2,1,2,3,3,1,3,1,2,1,2,0,5,692,14640,14640,2,0.4
505968_2,1,1,65,118,4,0,1,2,62,1,0,0,0,0,0,0,0,1,1,1,1,2,1,3,2,3,1,3,1,2,1,2,0,5,692,14640,14640,2,0.4
505968_3,2,5,45,24,2,0,1,1,0,2,0,0,0,0,0,0,0,1,1,1,2,2,1,2,2,3,1,3,1,2,1,2,0,5,692,<Null>,14640,0,0
506990_1,1,1,30,48,4,0,1,1,0,1,0,0,0,0,0,0,0,1,1,1,2,2,1,2,2,8,2,4,2,1,1,2,0,29,478,11570,11570,2,0.4
506990_2,1,1,30,48,4,0,1,1,0,1,0,0,0,0,0,0,0,1,1,1,2,2,1,2,2,8,2,4,2,1,1,2,0,29,478,11570,11570,0,0
506990_3,2,5,25,26,2,0,1,1,0,2,0,0,0,0,0,0,0,1,1,1,2,2,1,2,2,8,2,4,2,1,1,2,0,29,478,<Null>,11570,2,0.4
506990_4,2,5,25,29,2,0,1,1,0,2,0,0,0,0,0,0,0,1,1,1,2,2,1,2,2,8,2,4,2,1,1,2,0,29,478,<Null>,11570,2,0.4
507298_1,1,1,30,33,2,0,1,1,0,1,1,12,92,0,0,0,0,1,1,1,2,2,1,2,2,6,2,4,2,1,1,2,0,1,525,13430,13430,0,0
507298_2,1,1,30,35,2,0,1,3,14,1,0,0,0,0,0,0,0,1,1,1,2,2,1,1,2,6,2,4,2,1,1,2,0,1,525,13430,13430,5,1
507298_3,2,5,25,18,2,0,1,1,0,2,0,0,0,0,0,0,0,1,1,3,2,2,1,2,1,6,2,4,2,1,1,2,0,1,525,<Null>,13430,0,0
507298_4,2,5,25,26,2,0,1,1,0,2,0,0,0,0,0,0,0,1,1,3,2,2,1,2,2,6,2,4,2,1,1,2,0,1,525,<Null>,13430,2,0.4
511354_1,1,5,70,45,2,0,1,3,8,2,0,0,0,0,0,0,0,3,2,1,2,2,1,2,2,9,2,3,1,2,2,2,0,20,230,1700,6810,0,0
511354_2,2,5,35,58,4,0,1,1,0,1,1,14,93,0,0,0,0,1,1,1,2,2,1,3,3,9,2,3,1,2,2,2,0,20,230,6810,6810,0,0
511354_3,2,1,35,62,4,0,1,1,0,1,1,14,0,0,0,0,0,1,1,1,2,2,1,3,2,9,2,3,1,2,2,2,0,20,230,6810,6810,0,0
511461_1,1,1,45,25,2,0,1,1,0,1,0,0,0,0,0,0,0,1,1,1,2,2,1,2,2,6,2,4,2,1,2,2,0,2,462,8740,8740,2,0.4
511461_2,1,1,45,25,2,0,1,1,0,1,0,0,0,0,0,0,0,1,1,1,2,2,1,2,2,6,2,4,2,1,2,2,0,2,462,8740,8740,3,0.6
511461_3,2,5,25,32,2,0,1,1,0,2,0,0,0,0,0,0,0,1,1,1,2,2,1,2,2,6,2,4,2,1,2,2,0,2,462,<Null>,8740,1,0.2
511461_4,2,5,25,32,2,0,1,1,0,2,0,0,0,0,0,0,0,1,1,1,2,2,1,2,2,6,2,4,2,1,2,2,0,2,462,<Null>,8740,0,0
513416_1,1,1,50,101,4,0,1,2,33,1,0,0,0,0,1,13,137,1,1,1,2,2,1,3,2,7,2,3,1,2,1,2,0,10,357,26530,26530,0,0
513416_2,1,1,50,88,4,0,1,5,22,1,1,11,74,0,0,0,0,1,1,1,2,2,1,2,3,7,2,3,1,2,1,2,0,10,357,26530,26530,4,0.8
513416_3,2,5,20,26,2,0,1,1,0,2,0,0,0,0,0,0,0,1,1,1,2,2,1,2,2,7,2,3,1,2,1,2,0,10,357,<Null>,26530,0,0
514705_1,1,1,45,24,2,0,1,1,0,1,0,0,0,0,0,0,0,1,1,1,2,2,1,2,2,2,1,44,2,1,2,1,23,43,439,4400,4400,0,0
514705_2,1,1,45,24,2,0,1,1,0,1,0,0,0,0,0,0,0,1,1,1,2,2,1,1,2,2,1,4,2,1,2,1,23,43,439,4400,4400,0,0
514705_3,2,5,25,20,2,0,1,1,0,2,0,0,0,0,0,0,0,1,1,1,2,2,1,2,1,2,1,4,2,1,2,1,23,43,439,<Null>,4400,0,0
514705_4,2,5,25,20,2,0,1,1,0,2,0,0,0,0,0,0,0,1,1,1,2,2,1,2,2,2,1,4,2,1,2,1,23,43,439,<Null>,4400,0,0
515239_1,1,1,45,58,4,0,1,1,0,1,0,0,0,0,0,0,0,1,1,1,2,2,1,2,2,8,2,4,2,1,2,2,0,0,629,8460,8460,3,0.6
515239_2,1,1,45,58,4,0,1,1,0,1,0,0,0,0,0,0,0,1,1,1,2,2,1,2,2,8,2,4,2,1,2,2,0,0,629,8460,8460,4,0.8
515239_3,2,5,30,40,2,0,1,1,0,2,0,0,0,0,0,0,0,1,1,1,2,2,1,2,2,8,2,4,2,1,2,2,0,0,629,<Null>,8460,2,0.4
515239_4,2,5,30,40,2,0,1,1,0,2,1,14,78,0,0,0,0,1,1,1,2,2,1,1,2,8,2,4,2,1,2,2,0,0,629,<Null>,8460,1,0.2
516362_1,1,5,70,18,1,0,1,1,0,2,0,0,0,0,0,0,0,1,1,1,2,1,1,2,2,9,2,4,1,2,2,2,0,2,607,920,5340,0,0
516362_2,1,5,70,18,1,0,1,1,0,5,0,0,0,0,0,0,0,1,1,1,2,1,1,3,3,9,2,4,1,2,2,2,0,2,607,2050,5340,0,0
516362_3,2,5,45,30,2,0,1,1,0,1,0,0,0,0,0,0,0,1,1,1,2,2,3,3,2,9,2,4,1,2,2,2,0,2,607,5340,5340,0,0
516362_4,2,1,45,30,2,0,1,1,0,1,0,0,0,0,0,0,0,1,1,1,2,2,2,2,3,9,2,4,1,2,2,2,0,2,607,5340,5340,0,0
516450_1,1,5,70,16,1,0,1,1,0,5,0,0,0,0,0,0,0,1,1,1,2,1,1,3,3,9,2,4,1,2,2,2,0,2,580,1260,5340,0,0
516450_2,1,5,70,14,1,0,1,1,0,2,0,0,0,0,0,0,0,1,1,1,2,1,1,2,2,9,2,4,1,2,2,2,0,2,580,1850,5340,0,0
516450_3,2,1,55,25,2,0,1,1,0,1,0,0,0,0,0,0,0,1,1,1,2,2,2,2,3,9,2,4,1,2,2,2,0,2,580,5340,5340,0,0
516450_4,2,1,55,26,2,0,1,1,0,1,0,0,0,0,0,0,0,1,1,1,2,2,3,3,2,9,2,4,1,2,2,2,0,2,580,5340,5340,0,0
516562_1,1,1,55,148,4,0,1,2,75,1,1,12,140,-51,2,16,240,3,3,1,2,2,1,2,2,4,1,4,2,1,1,2,0,37,1394,19480,19480,0,0
516562_2,1,1,55,125,4,0,1,2,46,1,1,12,201,-51,2,16,0,1,3,1,2,2,1,2,2,4,1,4,2,1,1,2,0,37,1394,19480,19480,5,1
516562_3,2,3,55,30,2,0,1,1,0,2,0,0,0,0,0,0,0,1,1,1,2,2,1,2,2,4,1,4,2,1,1,2,0,37,1394,1590,19480,0,0
516562_4,2,3,55,30,2,0,1,1,0,2,0,0,0,0,0,0,0,1,1,1,2,2,1,2,2,4,1,4,2,1,1,2,0,37,1394,2530,19480,4,0.8
516603_1,1,1,65,115,4,0,1,2,42,1,1,12,176,-41,1,12,90,1,1,1,2,2,1,2,2,4,1,4,2,1,1,1,84,45,1939,15260,15260,0,0
516603_2,1,1,65,114,4,0,1,2,42,1,1,12,176,-41,1,12,66,3,3,1,2,2,1,2,2,4,1,4,2,1,1,1,84,45,1939,15260,15260,3,0.6
516603_3,2,5,30,20,2,0,1,1,0,2,0,0,0,0,0,0,0,1,1,1,2,2,1,2,2,4,1,4,2,1,1,1,84,45,1939,<Null>,15260,1,0.2
516603_4,2,5,35,22,2,0,1,1,0,2,0,0,0,0,0,0,0,1,1,1,2,2,1,2,2,4,1,4,2,1,1,1,84,45,1939,<Null>,15260,4,0.8
516643_1,1,1,55,24,2,0,1,1,0,1,0,0,0,0,0,0,0,1,1,1,2,2,1,2,3,5,2,3,1,2,2,2,0,26,1545,5120,5120,1,0.2
516643_2,1,1,55,25,2,0,1,1,0,1,0,0,0,0,0,0,0,1,1,1,2,2,1,3,2,5,2,3,1,2,2,2,0,26,1545,5120,5120,0,0
516643_3,2,3,25,22,2,0,1,1,0,2,0,0,0,0,0,0,0,1,1,1,2,2,1,2,2,5,2,3,1,2,2,2,0,26,1545,<Null>,5120,0,0
516731_1,1,1,55,25,2,0,1,1,0,1,0,0,0,0,0,0,0,1,1,1,2,2,1,2,2,6,2,4,2,1,1,2,0,3,3776,6660,6660,5,1
516731_2,1,1,55,25,2,0,1,1,0,1,0,0,0,0,0,0,0,1,1,1,2,2,1,2,2,6,2,4,2,1,1,2,0,3,3776,6660,6660,0,0
516731_3,2,3,45,23,2,0,1,1,0,2,0,0,0,0,0,0,0,1,1,1,2,2,1,2,2,6,2,4,2,1,1,2,0,3,3776,820,6660,0,0
516731_4,2,3,45,21,2,0,1,1,0,2,0,0,0,0,0,0,0,1,1,1,2,2,1,2,2,6,2,4,2,1,1,2,0,3,3776,920,6660,3,0.6
518428_1,1,1,55,91,4,0,1,2,18,1,1,14,210,-16,1,14,255,1,1,1,2,2,1,2,2,4,1,4,2,2,2,2,0,36,443,12730,12730,1,0.2
518428_2,1,1,55,91,4,0,1,2,16,1,1,14,219,-16,1,14,147,1,1,1,2,2,1,2,2,4,1,4,2,2,2,2,0,36,443,12730,12730,3,0.6
518428_3,2,3,25,24,2,0,1,1,0,2,0,0,0,0,0,0,0,1,1,1,2,2,1,2,2,4,1,4,2,2,2,2,0,36,443,<Null>,12730,8,1.6
518428_4,2,3,25,24,2,0,1,1,0,2,0,0,0,0,0,0,0,1,1,1,2,2,1,2,2,4,1,4,2,2,2,2,0,36,443,<Null>,12730,3,0.6
518592_1,1,1,55,122,4,0,1,2,60,1,0,0,0,0,1,14,248,1,1,1,2,2,2,3,2,3,1,3,1,2,1,2,0,7,343,19400,19400,0,0
518592_2,1,1,55,107,4,0,1,2,47,1,1,13,227,0,0,0,0,1,1,1,2,2,3,2,3,3,1,3,1,2,1,2,0,7,343,19400,19400,1,0.2
518592_3,2,3,35,25,2,0,1,1,0,2,0,0,0,0,0,0,0,1,1,1,2,2,4,2,1,3,1,3,1,2,1,2,0,7,343,1640,19400,1,0.2
519509_1,1,1,55,24,2,0,1,1,0,1,0,0,0,0,0,0,0,1,1,1,2,2,1,3,2,1,1,3,1,2,2,2,0,4,114,3880,3880,1,0.2
519509_2,1,1,55,24,2,0,1,1,0,1,0,0,0,0,0,0,0,1,1,1,2,2,1,2,3,1,1,3,1,2,2,2,0,4,114,3880,3880,0,0
519509_3,2,3,45,24,2,0,1,1,0,2,0,0,0,0,0,0,0,1,1,1,2,2,1,2,2,1,1,3,1,2,2,2,0,4,114,4900,3880,1,0.2
521704_1,1,1,55,21,2,0,1,1,0,1,0,0,0,0,0,0,0,1,1,1,2,2,1,2,3,1,1,3,1,2,1,2,0,0,38,1420,1420,0,0
521704_2,1,1,55,21,2,0,1,1,0,1,0,0,0,0,0,0,0,1,1,1,2,2,1,3,2,1,1,3,1,2,1,2,0,0,38,1420,1420,1,0.2
521704_3,2,5,25,13,2,0,3,1,0,2,0,0,0,0,0,0,0,1,1,1,2,2,1,2,2,1,1,3,1,2,1,2,0,0,38,<Null>,1420,0,0
528355_1,1,1,55,24,2,0,1,1,0,1,0,0,221,-88,0,0,0,1,1,1,2,2,1,2,3,1,1,3,1,2,1,2,0,4,2336,2080,2080,0,0
528355_2,1,1,55,24,2,0,1,1,0,1,0,0,226,-88,0,0,0,1,1,1,2,2,1,3,2,1,1,3,1,2,1,2,0,4,2336,2080,2080,0,0
528355_3,2,5,25,20,2,0,3,1,0,2,0,0,0,0,0,0,0,1,1,1,2,2,1,2,2,1,1,3,1,2,1,2,0,4,2336,<Null>,2080,0,0
528969_1,1,5,70,22,1,0,1,1,0,5,0,0,0,0,0,0,0,1,1,1,2,1,1,3,3,9,1,4,1,2,2,2,0,15,518,530,3090,0,0
528969_2,1,5,70,17,1,0,1,1,0,2,0,0,0,0,0,0,0,1,1,1,2,1,1,2,2,9,1,4,1,2,2,2,0,15,518,1310,3090,0,0
528969_3,2,1,50,24,2,0,1,1,0,1,0,0,0,0,0,0,0,1,1,1,2,2,2,2,3,9,1,4,1,2,2,2,0,15,518,3090,3090,0,0
528969_4,2,1,50,24,2,0,1,1,0,1,0,0,0,0,0,0,0,1,1,1,2,2,3,2,3,9,1,4,1,2,2,2,0,15,518,3090,3090,0,0
531331_1,1,1,45,62,4,0,1,4,13,1,0,0,0,0,0,0,0,1,1,1,2,2,1,2,2,8,2,4,2,1,2,1,16,1,413,20150,20150,0,0
531331_2,1,1,45,62,4,0,1,4,13,1,0,0,0,0,0,0,0,1,1,1,2,2,1,2,2,8,2,4,2,1,2,1,16,1,413,20150,20150,3,0.6
531331_3,2,5,25,20,2,0,1,1,0,2,0,0,0,0,0,0,0,1,1,1,2,2,1,2,2,8,2,4,2,1,2,1,16,1,413,<Null>,20150,2,0.4
531331_4,2,5,25,18,2,0,1,1,0,2,0,0,0,0,0,0,0,1,1,1,2,2,1,2,1,8,2,4,2,1,2,1,16,1,413,<Null>,20150,0,0
531627_1,1,1,45,59,4,0,1,4,12,1,0,0,0,0,0,0,0,1,1,1,2,2,1,3,2,7,2,3,1,1,2,2,0,26,294,24030,24030,8,1.6
531627_2,1,1,45,59,4,0,1,4,12,1,0,0,0,0,0,0,0,1,1,1,2,2,1,2,3,7,2,3,1,1,2,2,0,26,294,24030,24030,7,1.4
531627_3,2,5,25,23,2,0,1,1,0,2,0,0,0,0,0,0,0,1,1,1,2,2,1,2,2,7,2,3,1,1,2,2,0,26,294,420,24030,4,0.8
531685_1,1,1,65,176,4,0,1,2,130,1,0,0,0,0,0,0,0,1,1,1,2,2,1,3,2,3,1,3,1,2,2,2,0,5,925,16510,16510,1,0.2
531685_2,1,1,65,178,4,0,1,2,120,1,1,14,199,0,0,0,0,1,1,1,2,2,1,2,3,3,1,3,1,2,2,2,0,5,925,16510,16510,1,0.2
531685_3,2,3,25,33,2,0,1,1,0,2,0,0,0,0,0,0,0,1,1,1,2,2,1,2,2,3,1,3,1,2,2,2,0,5,925,500,16510,0,0
532138_1,1,1,65,158,4,0,1,2,87,1,1,12,235,-85,1,14,323,1,3,1,2,2,1,2,2,4,1,4,2,1,2,1,15,8,1445,16510,16510,2,0.4
532138_2,1,1,65,150,4,0,1,2,89,1,1,14,230,-85,0,0,0,1,1,1,2,2,1,2,2,4,1,4,2,1,2,1,15,8,1445,16510,16510,4,0.8
532138_3,2,3,45,26,2,0,1,1,0,2,0,0,0,0,0,0,0,1,1,1,2,2,1,2,2,4,1,4,2,1,2,1,15,8,1445,890,16510,12,2.4
532138_4,2,3,45,26,2,0,1,1,0,2,0,0,0,0,0,0,0,1,1,1,2,2,1,2,2,4,1,4,2,1,2,1,15,8,1445,890,16510,5,1
534344_1,1,1,55,114,4,0,1,2,55,1,1,15,278,-52,0,0,0,1,1,1,2,2,1,2,3,3,1,3,1,2,1,2,0,7,5648,8570,8570,0,0
534344_2,1,1,55,112,4,0,1,2,55,1,1,13,241,-52,0,0,0,1,1,1,2,2,1,3,2,3,1,3,1,2,1,2,0,7,5648,8570,8570,0,0
534344_3,2,5,35,16,2,0,3,1,0,2,0,0,0,0,0,0,0,1,1,1,2,2,1,2,2,3,1,3,1,2,1,2,0,7,5648,<Null>,8570,0,0
534776_1,1,1,55,25,2,0,1,1,0,1,0,0,0,0,0,0,0,1,1,1,2,2,1,2,2,2,1,4,2,2,2,2,0,25,2744,580,580,0,0
534776_2,1,1,55,25,2,0,1,1,0,1,0,0,0,0,0,0,0,1,1,1,2,2,1,2,2,2,1,4,2,2,2,2,0,25,2744,580,580,0,0
534776_3,2,5,25,22,2,0,1,1,0,2,0,0,0,0,0,0,0,1,1,1,2,2,1,2,2,2,1,4,2,2,2,2,0,25,2744,1040,580,0,0
534776_4,2,5,25,23,2,0,3,1,0,2,0,0,0,0,0,0,0,1,1,1,2,2,1,2,2,2,1,4,2,2,2,2,0,25,2744,<Null>,580,0,0
536700_1,1,1,55,25,2,0,1,1,0,1,0,0,0,0,0,0,0,1,1,1,2,2,1,2,3,1,1,3,1,2,1,2,0,14,2744,580,580,0,0
536700_2,1,1,55,25,2,0,1,1,0,1,0,0,0,0,0,0,0,1,1,1,2,2,1,3,2,1,1,3,1,2,1,2,0,14,2744,580,580,0,0
536700_3,2,5,25,22,2,0,3,1,0,2,0,0,0,0,0,0,0,1,1,1,2,2,1,2,2,1,1,3,1,2,1,2,0,14,2744,<Null>,580,0,0
537885_1,1,1,55,33,2,0,1,3,12,1,0,0,0,0,0,0,0,3,3,1,2,2,1,3,2,1,1,3,1,2,1,2,0,22,859,5240,5240,0,0
537885_2,1,1,55,37,2,0,1,1,0,1,1,13,153,0,0,0,0,1,1,1,2,2,1,2,3,1,1,3,1,2,1,2,0,22,859,5240,5240,0,0
537885_3,2,1,55,25,2,0,1,1,0,2,0,0,0,0,0,0,0,3,3,1,2,2,1,2,2,1,1,3,1,2,1,2,0,22,859,950,5240,1,0.2
538071_1,1,1,55,22,2,0,1,1,0,1,0,0,0,0,0,0,0,1,1,1,2,2,1,2,2,2,1,4,2,2,1,2,0,32,328,950,950,0,0
538071_2,1,1,55,22,2,0,1,1,0,1,0,0,0,0,0,0,0,1,1,1,2,2,1,2,2,2,1,4,2,2,1,2,0,32,328,950,950,0,0
538071_3,2,5,25,24,2,0,1,1,0,2,0,0,0,0,0,0,0,1,1,1,2,2,1,2,2,2,1,4,2,2,1,2,0,32,328,<Null>,950,0,0
538071_4,2,5,25,13,2,0,3,1,0,4,0,0,0,0,0,0,0,1,1,1,2,2,1,2,2,2,1,4,2,2,1,2,0,32,328,<Null>,950,0,0
541664_1,1,1,65,144,4,0,1,2,61,1,1,13,233,-53,1,13,177,2,3,1,2,2,1,2,2,4,1,4,2,2,1,1,8,5,1151,10840,10840,0,0
541664_2,1,1,65,144,4,0,1,2,61,1,1,13,227,-53,1,13,132,2,3,1,2,2,1,2,2,4,1,4,2,2,1,1,8,5,1151,10840,10840,0,0
541664_3,2,5,45,22,2,0,1,1,0,2,0,0,0,0,0,0,0,2,3,1,2,2,1,2,2,4,1,4,2,2,1,1,8,5,1151,590,10840,2,0.4
541664_4,2,5,45,22,2,0,1,1,0,2,0,0,0,0,0,0,0,2,3,1,2,2,1,2,2,4,1,4,2,2,1,1,8,5,1151,<Null>,10840,1,0.2
543973_1,1,1,45,36,2,0,1,1,0,1,1,13,115,0,0,0,0,1,1,1,2,2,1,2,3,1,1,3,1,1,2,2,0,4,125,2210,2210,0,0
543973_2,1,1,45,36,2,0,1,3,13,1,0,0,127,0,1,16,279,3,3,1,2,2,1,3,2,1,1,3,1,1,2,2,0,4,125,2210,2210,0,0
543973_3,2,1,35,30,2,0,1,1,0,2,0,0,0,0,1,16,185,3,3,1,1,2,1,2,2,1,1,3,1,1,2,2,0,4,125,2670,2210,0,0
552959_1,1,1,55,26,2,0,1,1,0,1,0,0,0,0,0,0,0,1,1,1,2,2,1,2,2,2,1,4,2,2,2,2,0,14,1103,3250,3250,2,0.4
552959_2,1,1,55,26,2,0,1,1,0,1,0,0,0,0,0,0,0,1,1,1,2,2,1,2,2,2,1,4,2,2,2,2,0,14,1103,3250,3250,1,0.2
552959_3,2,3,40,18,2,0,1,1,0,2,0,0,0,0,0,0,0,1,1,1,2,2,1,2,2,2,1,4,2,2,2,2,0,14,1103,308,3250,2,0.4
552959_4,2,3,40,20,2,0,1,1,0,2,0,0,0,0,0,0,0,1,1,1,2,2,1,2,2,2,1,4,2,2,2,2,0,14,1103,308,3250,2,0.4
555684_1,1,1,65,100,4,0,1,2,43,1,1,11,153,-41,0,0,0,1,1,1,2,2,1,2,3,3,1,3,1,2,1,2,0,0,882,14000,14000,0,0
555684_2,1,1,65,113,4,0,1,2,43,1,1,11,240,-41,1,12,232,1,1,1,2,2,1,3,2,3,1,3,1,2,1,2,0,0,882,14000,14000,0,0
555684_3,2,5,20,23,2,0,1,1,0,2,0,0,0,0,0,0,0,1,1,1,2,2,1,2,2,3,1,3,1,2,1,2,0,0,882,<Null>,14000,0,0
61112_1,1,1,45,22,2,0,1,1,0,1,0,0,0,0,0,0,0,1,1,1,2,2,1,2,2,2,1,4,2,2,1,1,17,7,7076,1470,1470,0,0
61112_2,1,1,45,22,2,0,1,1,0,1,0,0,0,0,0,0,0,1,1,1,2,2,1,2,2,2,1,4,2,2,1,1,17,7,7076,1470,1470,0,0
61112_3,2,5,25,18,2,0,3,1,0,4,0,0,0,0,0,0,0,1,1,1,2,2,1,2,1,2,1,4,2,2,1,1,17,7,7076,<Null>,1470,0,0
61112_4,2,5,25,18,2,0,3,1,0,2,0,0,0,0,0,0,0,1,1,1,2,2,1,2,2,2,1,4,2,2,1,1,17,7,7076,<Null>,1470,0,0
62105_1,1,1,35,43,3,0,1,1,0,1,0,0,0,0,0,0,0,1,1,1,2,2,1,1,3,1,1,3,1,1,2,2,0,46,540,2590,2590,0,0
62105_2,1,1,35,28,2,0,1,1,0,1,0,0,0,0,0,0,0,1,1,1,2,2,1,3,2,1,1,3,1,1,2,2,0,46,540,2590,2590,0,0
62105_3,2,4,25,21,2,0,1,1,0,2,0,0,0,0,0,0,0,1,1,1,2,2,1,2,2,1,1,3,1,1,2,2,0,46,540,<Null>,2590,0,0
64249_1,1,1,35,50,4,0,1,1,0,1,0,0,0,0,0,0,0,2,1,1,2,2,1,3,2,3,1,3,1,1,2,2,0,20,172,9990,9990,4,0.8
64249_2,1,1,35,43,4,0,1,1,0,1,0,0,0,0,0,0,0,1,1,1,2,2,1,2,3,3,1,3,1,1,2,2,0,20,172,9990,9990,2,0.4
64249_3,2,3,35,28,2,0,1,1,0,2,0,0,0,0,0,0,0,1,1,1,2,2,1,2,2,3,1,3,1,1,2,2,0,20,172,<Null>,9990,2,0.4
64993_1,1,1,25,43,4,0,1,1,0,1,0,0,0,0,0,0,0,1,1,1,2,2,1,2,2,4,1,4,2,1,2,1,19,1,152,4470,4470,0,0
64993_2,1,1,25,45,4,0,1,1,0,1,0,0,0,0,0,0,0,1,1,1,2,2,1,2,2,4,1,4,2,1,2,1,19,1,152,4470,4470,1,0.2
64993_3,2,4,25,30,2,0,1,1,0,2,0,0,0,0,0,0,0,1,1,1,2,2,1,2,2,4,1,4,2,1,2,1,19,1,152,<Null>,4470,1,0.2
64993_4,2,4,25,22,2,0,1,1,0,2,0,0,0,0,0,0,0,1,1,1,2,2,1,2,2,4,1,4,2,1,2,1,19,1,152,<Null>,4470,0,0
68504_1,1,1,45,24,2,0,1,1,0,1,0,0,0,0,0,0,0,3,1,1,2,2,1,2,2,2,1,4,2,2,2,2,0,18,2529,3510,3510,0,0
68504_2,1,1,45,24,2,0,1,1,0,1,0,0,0,0,0,0,0,3,1,1,2,2,1,2,2,2,1,4,2,2,2,2,0,18,2529,3510,3510,0,0
68504_3,2,3,25,24,2,0,1,1,0,2,0,0,0,0,0,0,0,3,3,1,2,2,1,2,2,2,1,4,2,2,2,2,0,18,2529,290,3510,0,0
68504_4,2,3,25,24,2,0,1,1,0,2,0,0,0,0,0,0,0,3,3,1,2,2,1,2,2,2,1,4,2,2,2,2,0,18,2529,290,3510,0,0
68915_1,1,1,55,24,2,0,1,1,0,1,0,0,0,0,0,0,0,1,1,1,2,2,1,3,2,1,1,3,1,2,1,2,0,42,96,8020,8020,0,0
68915_2,1,1,55,24,2,0,1,1,0,1,0,0,0,0,0,0,0,1,1,1,2,2,1,2,3,1,1,3,1,2,1,2,0,42,96,8020,8020,0,0
68915_3,2,5,25,22,2,0,1,1,0,2,0,0,0,0,0,0,0,1,1,1,2,2,1,2,2,1,1,3,1,2,1,2,0,42,96,<Null>,8020,0,0
69478_1,1,1,55,113,4,0,1,2,52,1,1,12,226,-51,0,0,0,1,1,1,2,2,1,2,2,4,1,4,2,2,1,1,12,12,501,11390,11390,0,0
69478_2,1,1,55,126,4,0,1,2,52,1,1,12,380,-51,1,14,240,2,3,1,2,2,1,2,2,4,1,4,2,2,1,1,12,12,501,11390,11390,0,0
69478_3,2,5,25,20,2,0,1,1,0,2,0,0,0,0,0,0,0,1,1,1,2,2,1,2,2,4,1,4,2,2,1,1,12,12,501,1020,11390,0,0
69478_4,2,5,25,20,2,0,1,1,0,2,0,0,0,0,0,0,0,1,1,1,2,2,1,2,2,4,1,4,2,2,1,1,12,12,501,1020,11390,0,0
70604_1,1,1,35,65,4,0,1,4,19,1,0,0,0,0,0,0,0,1,1,1,2,2,1,2,3,7,2,3,1,2,1,2,0,1,80,20830,20830,1,0.2
70604_2,1,1,35,65,4,0,1,4,18,1,0,0,0,0,0,0,0,1,1,1,2,2,1,3,2,7,2,3,1,2,1,2,0,1,80,20830,20830,1,0.2
70604_3,2,5,25,24,2,0,1,1,0,2,0,0,0,0,0,0,0,1,1,1,2,2,1,2,2,7,2,3,1,2,1,2,0,1,80,<Null>,20830,0,0
70945_1,1,1,55,68,4,0,1,1,0,1,1,12,50,0,0,0,0,1,1,1,2,2,1,2,3,3,1,3,1,2,1,2,0,54,644,9220,9220,0,0
70945_2,1,1,55,64,4,0,1,3,8,1,0,0,0,0,0,0,0,1,1,1,2,2,1,3,2,3,1,3,1,2,1,2,0,54,644,9220,9220,1,0.2
70945_3,2,3,25,24,2,0,1,1,0,2,0,0,0,0,0,0,0,1,1,1,2,2,1,2,2,3,1,3,1,2,1,2,0,54,644,308,9220,1,0.2
71308_1,1,1,55,73,4,0,1,1,0,1,1,18,267,0,0,0,0,2,3,1,2,2,1,2,2,4,1,4,2,2,1,1,10,18,1584,6860,6860,0,0
71308_2,1,1,55,72,4,0,1,1,0,1,1,17,93,0,0,0,0,1,3,1,2,2,1,2,2,4,1,4,2,2,1,1,10,18,1584,6860,6860,0,0
71308_3,2,5,25,22,2,0,1,1,0,2,0,0,0,0,0,0,0,1,1,1,2,2,1,2,2,4,1,4,2,2,1,1,10,18,1584,<Null>,6860,0,0
71308_4,2,5,25,24,2,0,1,1,0,2,0,0,0,0,0,0,0,1,1,1,2,2,1,2,2,4,1,4,2,2,1,1,10,18,1584,<Null>,6860,0,0
71574_1,1,1,55,113,4,0,1,2,45,1,1,14,250,-53,0,0,0,1,1,1,2,2,1,2,3,3,1,3,1,2,1,2,0,1,458,7350,7350,0,0
71574_2,1,1,55,113,4,0,1,2,45,1,1,14,109,-53,0,0,0,1,1,1,2,2,1,3,2,3,1,3,1,2,1,2,0,1,458,7350,7350,0,0
71574_3,2,5,35,20,2,0,1,1,0,2,0,0,0,0,0,0,0,1,1,1,2,2,1,2,2,3,1,3,1,2,1,2,0,1,458,<Null>,7350,0,0
73776_1,1,1,25,46,4,0,1,1,0,1,0,0,0,0,0,0,0,1,1,1,2,2,1,3,2,8,2,4,2,1,1,1,6,5,150,5640,5640,1,0.2
73776_2,1,1,25,46,4,0,1,1,0,1,0,0,0,0,0,0,0,1,1,1,2,2,2,2,3,8,2,4,2,1,1,1,6,5,150,5640,5640,0,0
73776_3,2,5,25,24,2,0,1,1,0,2,0,0,0,0,0,0,0,1,1,1,2,2,1,2,2,8,2,4,2,1,1,1,6,5,150,<Null>,5640,0,0
73776_4,2,5,25,28,2,0,1,1,0,2,0,0,0,0,0,0,0,1,1,3,2,1,1,2,2,8,2,4,2,1,1,1,6,5,150,<Null>,5640,1,0.2
74382_1,1,1,35,47,2,0,1,4,16,1,0,0,0,0,0,0,0,1,1,1,2,2,1,2,3,1,1,3,1,1,1,2,0,2,1045,4150,4150,0,0
74382_2,1,1,35,47,2,0,1,4,16,1,0,0,0,0,0,0,0,1,1,1,2,2,1,3,2,1,1,3,1,1,1,2,0,2,1045,4150,4150,0,0
74382_3,2,5,25,20,2,0,1,1,0,2,0,0,0,0,0,0,0,1,1,1,2,2,1,2,2,1,1,3,1,1,1,2,0,2,1045,<Null>,4150,0,0
79061_1,1,1,55,40,3,0,1,3,16,1,0,0,0,0,1,11,161,2,1,1,2,2,1,3,2,5,2,3,1,1,1,2,0,18,120,7100,7100,1,0.2
79061_2,1,1,55,35,3,0,1,1,0,1,1,14,200,0,0,0,0,1,1,1,2,2,1,2,3,5,2,3,1,1,1,2,0,18,120,7100,7100,1,0.2
79061_3,2,3,50,22,2,0,1,1,0,2,0,0,0,0,0,0,0,2,3,1,2,2,1,2,2,5,2,3,1,1,1,2,0,18,120,1660,7100,0,0
81431_1,1,1,45,80,4,1,1,4,18,1,0,0,0,0,0,0,0,1,1,1,2,2,1,2,3,3,1,3,1,1,2,2,0,2,567,11980,11980,2,0.4
81431_2,1,1,45,76,4,0,1,4,18,1,0,0,0,0,1,14,267,2,3,1,2,2,1,3,2,3,1,3,1,1,2,2,0,2,567,11980,11980,0,0
81431_3,2,5,30,26,2,0,1,1,0,2,0,0,0,0,0,0,0,3,3,1,2,2,1,2,2,3,1,3,1,1,2,2,0,2,567,<Null>,11980,4,0.8
81921_1,1,1,45,67,4,0,1,4,19,1,0,0,0,0,0,0,0,1,1,1,2,2,1,2,2,4,1,4,2,1,2,2,0,5,712,17950,17950,0,0
81921_2,1,1,45,68,4,0,1,4,19,1,0,0,0,0,0,0,0,1,1,1,2,2,1,2,2,4,1,4,2,1,2,2,0,5,712,17950,17950,0,0
81921_3,2,5,25,28,2,0,1,1,0,2,0,0,0,0,0,0,0,1,1,1,2,2,1,2,1,4,1,4,2,1,2,2,0,5,712,<Null>,17950,0,0
81921_4,2,5,25,28,2,0,1,1,0,2,0,0,0,0,0,0,0,1,1,1,2,2,1,2,2,4,1,4,2,1,2,2,0,5,712,<Null>,17950,0,0
82051_1,1,1,40,70,4,0,1,4,20,1,0,0,0,0,0,0,0,1,1,1,2,2,1,2,2,4,1,4,2,1,2,2,0,21,540,17950,17950,4,0.8
82051_2,1,1,40,70,4,0,1,4,20,1,0,0,0,0,0,0,0,1,1,1,2,2,1,2,2,4,1,4,2,1,2,2,0,21,540,17950,17950,1,0.2
82051_3,2,5,25,22,2,0,1,1,0,2,0,0,0,0,0,0,0,1,1,1,2,2,1,2,2,4,1,4,2,1,2,2,0,21,540,<Null>,17950,1,0.2
82051_4,2,5,25,22,2,0,1,1,0,2,0,0,0,0,0,0,0,1,1,1,2,2,1,2,2,4,1,4,2,1,2,2,0,21,540,<Null>,17950,0,0
85781_1,1,1,45,94,4,0,1,2,36,1,0,0,0,0,0,0,0,1,1,1,2,2,1,3,2,7,2,3,1,2,1,2,0,11,600,18080,18080,7,1.4
85781_2,1,1,45,108,4,1,1,2,21,1,1,13,129,0,0,0,0,1,1,1,2,2,1,2,3,7,2,3,1,2,1,2,0,11,600,18080,18080,2,0.4
85781_3,2,4,25,26,2,0,1,1,0,2,0,0,0,0,0,0,0,1,1,1,2,2,1,2,2,7,2,3,1,2,1,2,0,11,600,<Null>,18080,6,1.2
85817_1,1,1,45,90,4,0,1,2,34,1,0,0,0,0,0,0,0,1,1,1,2,2,1,2,2,8,2,4,2,2,1,1,9,7,415,13370,13370,1,0.2
85817_2,1,1,45,90,4,0,1,2,34,1,0,0,0,0,0,0,0,1,1,1,2,2,1,2,2,8,2,4,2,2,1,1,9,7,415,13370,13370,2,0.4
85817_3,2,4,25,23,2,0,1,1,0,2,0,0,0,0,0,0,0,1,1,1,2,2,1,2,2,8,2,4,2,2,1,1,9,7,415,<Null>,13370,2,0.4
85817_4,2,4,25,19,2,0,1,1,0,2,0,0,0,0,0,0,0,1,1,1,2,2,1,2,2,8,2,4,2,2,1,1,9,7,415,<Null>,13370,0,0
87620_1,1,1,35,24,2,0,1,1,0,1,0,0,0,0,0,0,0,1,1,1,2,1,1,2,2,6,2,4,2,1,1,1,6,0,373,25860,25860,7,1.4
87620_2,1,1,35,24,2,0,1,1,0,5,0,0,0,0,0,0,0,1,1,1,2,1,1,3,3,6,2,4,2,1,1,1,6,0,373,25860,25860,0,0
87620_3,2,5,25,24,2,0,1,1,0,2,0,0,0,0,0,0,0,1,1,2,2,2,3,3,2,6,2,4,2,1,1,1,6,0,373,<Null>,25860,0,0
87620_4,2,5,25,35,2,0,1,1,0,2,0,0,0,0,0,0,0,1,1,2,2,2,2,2,3,6,2,4,2,1,1,1,6,0,373,<Null>,25860,0,0
89424_1,1,1,55,24,2,0,1,1,0,1,0,0,0,0,0,0,0,1,1,1,2,2,1,2,3,1,1,3,1,2,2,2,0,3,2536,2000,2000,1,0.2
89424_2,1,1,55,24,2,0,1,1,0,1,0,0,0,0,0,0,0,1,1,1,2,2,1,3,2,1,1,3,1,2,2,2,0,3,2536,2000,2000,0,0
89424_3,2,3,25,18,2,0,1,1,0,2,0,0,0,0,0,0,0,1,1,1,2,2,1,2,2,1,1,3,1,2,2,2,0,3,2536,<Null>,2000,0,0
92690_1,1,1,45,74,4,0,1,4,15,1,0,0,0,0,0,0,0,1,1,1,2,2,1,2,2,4,1,4,2,2,2,1,30,1,414,12250,12250,1,0.2
92690_2,1,1,45,74,4,0,1,4,15,1,0,0,0,0,0,0,0,1,1,1,2,2,1,2,2,4,1,4,2,2,2,1,30,1,414,12250,12250,1,0.2
92690_3,2,5,30,22,2,0,1,1,0,2,0,0,0,0,0,0,0,1,1,1,2,2,1,2,2,4,1,4,2,2,2,1,30,1,414,<Null>,12250,1,0.2
92690_4,2,5,30,18,2,0,1,1,0,2,0,0,0,0,0,0,0,1,1,1,2,2,1,2,2,4,1,4,2,2,2,1,30,1,414,<Null>,12250,0,0
92696_1,1,1,45,74,4,0,1,4,15,1,0,0,0,0,0,0,0,1,1,1,2,2,1,2,3,3,1,3,1,2,2,2,0,1,414,12250,12250,0,0
92696_2,1,1,45,74,4,0,1,4,15,1,0,0,0,0,0,0,0,1,1,1,2,2,1,3,2,3,1,3,1,2,2,2,0,1,414,12250,12250,0,0
92696_3,2,5,25,15,2,0,1,1,0,2,0,0,0,0,0,0,0,1,1,1,2,2,1,2,2,3,1,3,1,2,2,2,0,1,414,<Null>,12250,0,0
